"hypothesis","dose_mg","effect"
"H1",0,0
"H1",0.75,0.0596689123350885
"H1",1.5,0.0986750903779824
"H1",2,0.117234196396205
"H1",3,0.142686054939858
"H1",3.88,0.156528909935393
"H1",4.5,0.163092755299897
"H1",5,0.166974110526451
"H1",5.4,0.169352288927777
"H1",6,0.171937473248056
"H2",0,0
"H2",0.75,2.31356535718152e-06
"H2",1.5,4.62710480741979e-06
"H2",2,6.16945004827674e-06
"H2",3,9.25410598773269e-06
"H2",3.88,1.1968565101883e-05
"H2",4.5,1.38810035436032e-05
"H2",5,1.54232797020537e-05
"H2",5.4,1.66570923394449e-05
"H2",6,1.85077974798054e-05
"H3",0,0
"H3",0.75,0.0524539920391849
"H3",1.5,0.0874422601008883
"H3",2,0.105206037990269
"H3",3,0.132461246421031
"H3",3.88,0.150426193661783
"H3",4.5,0.16078682032173
"H3",5,0.168087305466435
"H3",5.4,0.173364902344658
"H3",6,0.180489616311261
