"hypothesis","variable","mean","sd","2.5%","50%","97.5%","rhat","ess_bulk"
"H0","mu_p",-2.03758751963887,0.121781342495886,-2.2761424964462,-2.03781168522597,-1.80238665634168,1.00027138165149,3129.11369878622
"H0","log_tau",-0.770978376390987,0.726557326366337,-2.73490014685933,-0.61883723832975,0.197649297620515,1.00236075536921,2617.78330809436
"H0","log_kpbo",-2.24426964449183,0.00835278838344086,-2.26034990153508,-2.24421827774139,-2.22804542536328,1.00154737272015,4584.16237895431
"H0","log_kout",-2.32866747765457,1.00905691851267,-4.3220671792402,-2.32615260513711,-0.377731704636645,1.00207933977654,3403.47805852771
"H0","log_sigma_rel",-3.33452208975826,1.00288313217537,-6.03171670708665,-3.0847299745965,-2.13728247029194,1.00236862661273,3286.64125577142
"H0","eta_younger2013",0.571118487112434,0.396490579332996,-0.164267464746328,0.6122880195884,1.25537070654562,1.00071659436229,2794.76407614882
"H1","mu_p",-2.04978238558405,0.12108701054034,-2.28340446587034,-2.0504244507977,-1.81502181988017,1.0027341520131,1398.89471097187
"H1","log_tau",-1.41107258625929,1.27397300889407,-4.99552408420295,-1.09813211528912,0.0708285196237186,1.01145752647419,554.134940208795
"H1","log_kpbo",-2.24431354596874,0.0082769832391066,-2.26027981860709,-2.24448795915627,-2.22770853192302,1.00102422888518,3108.29784745028
"H1","log_kout",-2.22563108924757,0.955745226489299,-4.02436698310315,-2.24655358905091,-0.346045982234523,1.00271166374221,1816.33618258466
"H1","log_sigma_rel",-3.7274977459052,1.04514247071659,-6.25865958260019,-3.50442031241012,-2.28248108300573,1.00147642493694,1702.33826927441
"H1","eta_younger2013",0.202953889882416,0.343150055164205,-0.398698910147876,0.133888509285432,0.941147301932094,1.00285630219978,1812.22568631014
"H1","logit_Emax",0.784029572250713,1.43309301235911,-2.00310421875703,0.724555383560737,3.91162690970589,1.00209083794695,2354.32399753699
"H1","log_kA",-2.23500930829948,0.967039648652355,-4.03946204629036,-2.23711152910573,-0.3135605998253,1.00237507829896,1944.66577484017
"H1","log_gamma",-0.0639378280367348,0.467742465361139,-0.974626215063347,-0.0556513827874262,0.826587598669594,1.00253342736891,1657.2096035976
"H2","mu_p",-2.04321770701979,0.121216319588255,-2.27820775281849,-2.04415639322742,-1.80804066048578,1.00075383307181,3036.31189255058
"H2","log_tau",-0.776469328683117,0.725613127259054,-2.74691634474001,-0.63832816476935,0.193602247551078,1.0022337006011,1735.879495364
"H2","log_kpbo",-2.24403019970919,0.00834157335340567,-2.2605955875881,-2.24410839217766,-2.22745633981986,1.00099143534148,4779.66912365154
"H2","log_kout",-2.3208139403805,1.02367312648236,-4.37727918753796,-2.30543205091277,-0.325586529533257,1.00181193640933,2609.32146989896
"H2","log_sigma_rel",-3.29666689328047,0.959686424324999,-5.81260212120974,-3.05952398248263,-2.09708024020023,1.00175937590738,2812.44464153623
"H2","eta_younger2013",0.550285300290216,0.406554991117971,-0.224396150950264,0.595401431275595,1.23309132568953,1.00400408426805,2269.87593142211
"H2","logit_Emax",0.0225367960766258,1.78679729462606,-3.60569863765246,0.0300367268123406,3.56298892499391,1.00058702169724,2828.89196924162
"H3","mu_p",-2.05214954515748,0.117286047918071,-2.28195495293015,-2.05216905816303,-1.8259148507152,1.00132591053561,2016.01798313662
"H3","log_tau",-1.29796673752008,1.06566770638935,-4.25328176772346,-1.039417716068,0.070401103129989,1.00700796245653,660.12475612837
"H3","log_kpbo",-2.24404065175365,0.008313094903162,-2.26055616807308,-2.24396756072716,-2.22800788257842,1.00163222954658,2421.04660037358
"H3","log_kout",-2.34276226563241,1.0225724532993,-4.39060946477859,-2.34620308923581,-0.331174506084265,1.00303567149307,1780.03374294585
"H3","log_sigma_rel",-3.64549039460872,1.11143209950854,-6.49084863855084,-3.38887343830803,-2.2159941564097,1.00103095026325,1062.07648084351
"H3","eta_younger2013",0.21109551008085,0.368257406879751,-0.501625743696777,0.139976768911673,1.00921363735321,1.00436022664973,1638.83687283568
"H3","logit_Emax",-0.584506439899013,1.47331707210999,-3.21106900797153,-0.861936044255015,2.75854423955386,1.00332606712735,1117.29867880134
"H3","log10_Kd_OGFr",-0.0108211578921977,1.67367815678065,-3.75015198913538,0.33283746323073,3.17411007690213,1.00240108003103,1352.57746326577
