system,C1,C2,C3,decision,reason,citations
MOR (OPRM1),Yes (Ki sub-nM; PET occupancy),Yes (reduced MOR availability in fibromyalgia),Yes,Core drug hypothesis H1,Naltrexone binds human MOR with sub-nanomolar Ki and PET shows dose-dependent central MOR occupancy at 2-50 mg; fibromyalgia patients show reduced central MOR availability,Wentland 2009 (DOI 10.1016/j.bmcl.2009.02.078); Rabiner 2011 (DOI 10.1038/mp.2011.29); Harris 2007 (DOI 10.1523/JNEUROSCI.2849-07.2007)
DOR / KOR,Partial (KOR sub-nM; DOR 60 nM),Weak,Partial,Occupancy reported; not a separate effect pathway,Naltrexone affinity at DOR is about 500-fold lower than at MOR and PET shows only partial DOR blockade at 50 mg/day; no quantitative human link to fibromyalgia pain,Wentland 2009 (DOI 10.1016/j.bmcl.2009.02.078); Pelotte 2009 (DOI 10.1016/j.bmcl.2009.03.095); Weerts 2008 (DOI 10.1038/sj.npp.1301440)
OGFr,Claimed; affinity data uncertain,None in fibromyalgia,No unless binding data found,Hypothesis H3; flagged non-identifiable if no Kd,"OGFr was cloned and characterised with radiolabelled opioid growth factor, and no binding affinity of naltrexone itself at OGFr was found in this search",Zagon 2000 (DOI 10.1016/S0006-8993(99)02330-6); Toljan 2018 (DOI 10.3390/medsci6040082)
TLR4 / MD2,No (not met at clinically reachable concentrations; only potency is a functional IC50 of about 105.5 uM in mouse microglia),Indirect via cytokines,Yes,Hypothesis H2 plus cytokine sub-model (carried forward despite failing C1),"Naltrexone isomers antagonise LPS-induced TLR4 signalling in microglia in the micromolar range and reverse neuropathic pain in vivo; low-dose naltrexone lowers plasma cytokines in fibromyalgia. C1 is not met: the only available potency is a functional IC50 of about 105.5 uM in mouse microglia, some four orders of magnitude above the unbound brain concentrations reached at 1.5 to 6 mg (fractional engagement of order 1e-5 after the unit correction). H2 was nevertheless carried forward as a falsifiable hypothesis so that the prediction could be tested rather than assumed",Wang 2016 (DOI 10.1111/bph.13394); Hutchinson 2008 (DOI 10.1111/j.1460-9568.2008.06321.x); Parkitny 2017 (DOI 10.3390/biomedicines5020016)
Cytokine network,Downstream of H2 or H3,Yes (plasma cytokines fall on low-dose naltrexone),Partial,Secondary test only,Eight-week low-dose naltrexone reduced several plasma cytokines in eight women with fibromyalgia; n is small and the design is single-blind without a true placebo phase,Parkitny 2017 (DOI 10.3390/biomedicines5020016); Younger 2014 (DOI 10.1007/s10067-014-2517-2)
HPA axis,No direct target,Mixed,No,Excluded; discussed,Fibromyalgia shows perturbed but inconsistent HPA responses and naltrexone has no direct target in the axis at low dose,Crofford 1994 (DOI 10.1002/art.1780371105); Toljan 2018 (DOI 10.3390/medsci6040082)
Endocannabinoid,No naltrexone interaction reported,Mixed fibromyalgia data,No,Excluded; reason stated,"No reported naltrexone activity at CB1, CB2, FAAH or MAGL in target reviews of the drug, and cannabinoid trials in fibromyalgia provide only very low quality evidence",Toljan 2018 (DOI 10.3390/medsci6040082); Walitt 2016 (DOI 10.1002/14651858.CD011694.pub2)
CGRP,No naltrexone interaction reported,Weak or negative in fibromyalgia,No,Excluded; reason stated,"Serum CGRP and its receptor protein were measured cross-sectionally in fibromyalgia with weak and inconsistent separation from controls, and naltrexone has no reported CGRP activity",Korucu 2020 (DOI 10.46497/ArchRheumatol.2020.7783); Toljan 2018 (DOI 10.3390/medsci6040082)
NMDA/glutamate,No direct naltrexone interaction,Yes (brain MRS in fibromyalgia),No,Excluded; subsumed in latent sensitization state,"Insular glutamate measured by proton MRS is elevated in fibromyalgia and tracks experimental pain, but there is no naltrexone target and no data to parameterise a separate module",Harris 2009 (DOI 10.1002/art.24849); Toljan 2018 (DOI 10.3390/medsci6040082)
Descending monoamines,No direct interaction,Yes,No,Excluded; subsumed,"Cerebrospinal fluid biogenic amine metabolites are altered in fibromyalgia, indicating descending monoamine dysfunction, but naltrexone does not act on these systems",Russell 1992 (DOI 10.1002/art.1780350509); Sluka 2016 (DOI 10.1016/j.neuroscience.2016.06.006)
BDNF/NGF/Substance P,No direct interaction,Mixed,No,Excluded,Substance P and neurotrophin findings in fibromyalgia are mixed and have no naltrexone target; low-dose naltrexone did not change plasma BDNF or NGF significantly,Sluka 2016 (DOI 10.1016/j.neuroscience.2016.06.006); Parkitny 2017 (DOI 10.3390/biomedicines5020016)
