"stage","file","sha256","frozen_at"
"A","C:/Users/indan/OneDrive - aiimsbhubaneswar.edu.in/Dr. Subham_Network/QSP_Fibromyalgia_Naltrexone/model_v5/data/training/pk_summary.csv","1cf9fcb4a03815ed0b5cc30510df77ee8a653d2ab9651e9d2c3c62658237d397","2026-09-30T05:51:52"
"A","C:/Users/indan/OneDrive - aiimsbhubaneswar.edu.in/Dr. Subham_Network/QSP_Fibromyalgia_Naltrexone/model_v5/data/params/binding_constants.csv","0f1942743171dcefd8b4d241bf50e9dbe075f988a62996b208c89c80293657fd","2026-09-30T05:51:52"
"A","C:/Users/indan/OneDrive - aiimsbhubaneswar.edu.in/Dr. Subham_Network/QSP_Fibromyalgia_Naltrexone/model_v5/output/results/pk_fit.rds","69393e886eccfd14cd8f1e9a730f549906f0e2e930b17c6da5e8d90193d16824","2026-09-30T05:51:52"
"A","C:/Users/indan/OneDrive - aiimsbhubaneswar.edu.in/Dr. Subham_Network/QSP_Fibromyalgia_Naltrexone/model_v5/output/results/binding_params_A.rds","c91b8c6f032c4ea640c8293b65f87e18ed8a56ff23815fbb9b3e29249109d0c9","2026-09-30T05:51:52"
"T","C:/Users/indan/OneDrive - aiimsbhubaneswar.edu.in/Dr. Subham_Network/QSP_Fibromyalgia_Naltrexone/model_v5/data/test/pet_occupancy.csv","cd20a8e306590383c79d8d7d5c0a9b99dc9a0b5f00553f059a805690663ad28f","2026-09-30T05:51:52"
"A2","C:/Users/indan/OneDrive - aiimsbhubaneswar.edu.in/Dr. Subham_Network/QSP_Fibromyalgia_Naltrexone/model_v5/output/results/binding_params_A2.rds","62a12d5c99e2b8dbb6973d006f293e12b512f7952da51272a5be82a8a2781709","2026-09-30T05:52:06"
"A2","C:/Users/indan/OneDrive - aiimsbhubaneswar.edu.in/Dr. Subham_Network/QSP_Fibromyalgia_Naltrexone/model_v5/data/training/pk_summary.csv","1cf9fcb4a03815ed0b5cc30510df77ee8a653d2ab9651e9d2c3c62658237d397","2026-09-30T05:52:06"
"B","C:/Users/indan/OneDrive - aiimsbhubaneswar.edu.in/Dr. Subham_Network/QSP_Fibromyalgia_Naltrexone/model_v5/data/training/efficacy_training.csv","ddae84a33a538d0ebfd9f02c6c8df5d63087a6e130a8861cb2389b0ed9454907","2026-09-30T06:41:38"
"B","C:/Users/indan/OneDrive - aiimsbhubaneswar.edu.in/Dr. Subham_Network/QSP_Fibromyalgia_Naltrexone/model_v5/data/priors/placebo_priors.csv","18d75c62ebdfb2c09a33815dd5171b3c38dcd3a029fd5401d9bd029c5fdcd767","2026-09-30T06:41:38"
"B","C:/Users/indan/OneDrive - aiimsbhubaneswar.edu.in/Dr. Subham_Network/QSP_Fibromyalgia_Naltrexone/model_v5/output/results/posterior_H0.rds","115d756aea38d7fbcf758eaf128ed666d346ad9742f48620f8c0a0c7b76428f7","2026-09-30T06:41:38"
"B","C:/Users/indan/OneDrive - aiimsbhubaneswar.edu.in/Dr. Subham_Network/QSP_Fibromyalgia_Naltrexone/model_v5/output/results/posterior_H1.rds","220313c5925dd7b9fd7ce1f6805cbac16674116a937a90d113d67c1d13f79b81","2026-09-30T06:41:38"
"B","C:/Users/indan/OneDrive - aiimsbhubaneswar.edu.in/Dr. Subham_Network/QSP_Fibromyalgia_Naltrexone/model_v5/output/results/posterior_H2.rds","b106fc8593c44429a7bfa11f6be19ca85b65f20e506289a318a423fd42eadcd2","2026-09-30T06:41:38"
"B","C:/Users/indan/OneDrive - aiimsbhubaneswar.edu.in/Dr. Subham_Network/QSP_Fibromyalgia_Naltrexone/model_v5/output/results/posterior_H3.rds","31fbe92263cfaf99ebf9c179842b2b3db3e9a6dc6cf2d5b82f76b3046400e1ca","2026-09-30T06:41:38"
"B","C:/Users/indan/OneDrive - aiimsbhubaneswar.edu.in/Dr. Subham_Network/QSP_Fibromyalgia_Naltrexone/model_v5/output/results/exposure_cache_A.rds","0f84ac2641337cd4d5104137fbfe337dae183982b5217e6d4a6e43f90b599514","2026-09-30T06:41:38"
"B","C:/Users/indan/OneDrive - aiimsbhubaneswar.edu.in/Dr. Subham_Network/QSP_Fibromyalgia_Naltrexone/model_v5/output/results/binding_stage.txt","26ffd5886253906a36a7ea0f6e26056fc36472626cb4894bcb100a34dc69d1db","2026-09-30T06:41:38"
"T","C:/Users/indan/OneDrive - aiimsbhubaneswar.edu.in/Dr. Subham_Network/QSP_Fibromyalgia_Naltrexone/model_v5/data/test/trials_test.csv","ef5be0d8a7138f6ec17370e23cdafd51a612599e861be26ef86ca66237feb81e","2026-09-30T06:41:40"
"T","C:/Users/indan/OneDrive - aiimsbhubaneswar.edu.in/Dr. Subham_Network/QSP_Fibromyalgia_Naltrexone/model_v5/data/test/cytokines_parkitny.csv","5d266d81d074701bf0be67ab6f91c404318a4988ca36c389f8f87d2a4812bd7f","2026-09-30T07:57:40"
