"sample","Pain_VAS","Pain_red","TNF","IL6","BDNF","CPT","kon","koff","kT_TNF","kT_IL6","k_up","k_reb","Kd_OPRM1","k_hyper","kIL6_BDNF","kB_TAC1","kdTNF","kdIL6"
1,4.30619144683356,38.4829793309491,0.857607403080733,6.93438762686017,2.18654878990947,40.7943760121624,0.281344399730558,4.60918439252488,1.01151891659751,1.82577622762012,0.109048395336846,0.0237925100238062,0.00160754372352734,0.708536846157318,0.783868809146418,1.16368314729678,1.21439668753045,0.224744071628743
2,6.4800649779789,7.42764317173002,3.21937358142435,4.96701957786,1.60391927975444,27.7876023811691,0.116733043436504,2.47465407243324,3.2875377616294,0.416795490409403,0.0686559114536503,0.0240981885974761,0.000215917146980763,1.11557597103839,0.480871435208789,0.892503172164317,0.364035984364804,0.209275524027335
3,3.53441799033601,49.5083144237713,0.767349174422004,18.4612674665128,4.16561908253221,43.2960855296622,0.317667929418897,0.906420351396703,1.61506839506173,1.505328745245,0.0178850963899633,0.0406940108563867,0.00082825224975124,0.177574299213709,0.855097724480632,2.33710667761353,1.75477900899015,0.0779013048805452
4,2.88033648580264,58.8523359171051,2.28020581823327,4.63756406839155,1.57917049451474,50.2671105783441,0.0412687666090981,3.75913677866873,3.06119363106128,1.25117349997365,0.0930001453981036,0.0377299034421449,0.00465047879970074,0.157238256706313,0.487122474859003,2.19165456858448,0.675065639505628,0.29048371367529
5,3.92820497604545,43.8827860564936,0.674825143954657,6.72677290153534,1.69467017744939,43.7304861338713,0.0868319908647332,3.52165898233536,0.582740686278945,0.408458398594676,0.0947315230618541,0.0467978491955437,0.00250220246589929,0.729387016793635,0.425631290065823,2.39483970227915,1.34191153887147,0.154083083875322
6,4.32401496226543,38.2283576819224,1.99494612493701,3.32185421827512,1.44861118263615,40.4395227194656,0.474110626557252,1.12671886051625,3.73975701708929,0.664631206139457,0.0275877820301646,0.0647917706828448,0.00153783951727301,0.686455682785871,0.474505014854483,1.44735849335526,0.987455407726113,0.339905717955281
7,6.08719367055569,13.0400904206329,2.88901790565012,3.6408577517446,1.30786077312137,30.2210278497089,0.265702834945017,0.921731361355632,3.70291982553472,0.811414864059072,0.0427087917038938,0.00986915022588801,0.000598189843486994,1.13781787581998,0.230745582691937,0.543481337180516,0.531252605414949,0.325101968249345
8,3.08136033409005,55.9805666558564,1.11332100098483,7.32210147200238,1.35949347005668,47.8108579273062,0.0158342553631868,0.772300144206034,2.23240100880192,1.24181288587954,0.0402279390095733,0.0248920592085924,0.00264002140754834,0.145418986570633,0.151616424962335,1.88049662521,1.37095725481026,0.183502365572883
9,2.98508536348053,57.3559233788495,1.0674327672989,8.3184179664863,2.37775249195106,49.7017493781643,0.484987359889294,2.92628399542013,3.4535680280847,1.44387537826085,0.119438171636655,0.0399295713232714,0.00443608132995665,0.263296802333323,0.77366219860944,0.906426769313868,1.96690025522932,0.170342392691333
10,3.4349712699668,50.9289818576172,1.52792820691585,12.7388982254395,1.90975386342653,46.9029175235664,0.20514663952163,2.23891318398955,2.37582038627394,0.695715120221799,0.030667655238905,0.0454692528047599,0.00397932032442838,0.618045126966356,0.313057898347654,2.44492538506848,0.972146960744169,0.0896493108562039
11,3.13475626316926,55.2177676690106,1.65934815293002,7.87593867361904,2.55302715370038,47.8351274123092,0.151674657481078,4.20703422252795,1.38886060307578,1.92133143662118,0.0856493452706374,0.0363750834358507,0.00271029116784036,0.204573413394547,0.933518189835595,0.451495247149995,0.604461321150884,0.202376211108523
12,5.11827203111814,26.8818281268837,1.24963784631284,4.44844105484766,1.84383810583539,36.0920048749137,0.251732157059697,4.29713479040734,3.9618574052793,0.83049674326942,0.0944459500319945,0.0529096977686859,0.00112421582509205,0.95466262815784,0.819000015645676,0.8155311010705,1.82821791491564,0.267922492676531
13,4.59868266150882,34.3045334070168,1.3839448669025,4.46377152388748,1.2726188332466,39.4797525836446,0.41122592313926,3.31483480772267,2.71686848825659,1.73361335895459,0.0659010735771153,0.0751065234511625,0.00169970181499049,0.897691484319589,0.146915337035122,2.43782890128034,1.21098630798794,0.341405561508533
14,4.56059153647155,34.8486923361207,1.57230062287493,3.20813173630115,1.75332044348504,37.7104206860644,0.346910612783232,0.446656238794948,1.0182873626259,0.953010029934968,0.0934874193582218,0.0277800515549025,0.00043408880309388,0.51905967908601,0.988072242657188,0.484261691764928,0.538740605731495,0.384335341652351
15,3.53227770803423,49.5388898852252,0.621591571325245,3.85495091556179,1.80061390959311,46.471045224812,0.211803130694688,0.392502477122238,1.20153499558102,0.908684345581258,0.0259761483125078,0.0521414869760047,0.00419911767124012,0.765173599796525,0.886447278323894,2.00754624199184,1.93993864651397,0.315975870766561
16,3.59480532533403,48.6456382095138,1.06503709507214,8.55086568273754,2.70813423529904,46.5600922410476,0.13509481512579,4.74767274398884,2.62543763123763,1.12287517674733,0.0598641860757256,0.0799092625772464,0.00438926493400335,0.904246482336816,0.954703576632542,1.63371591790564,1.61613244267553,0.152000681847916
17,3.25866015345141,53.4477120935512,0.815584815392478,5.20405700950041,2.22389631404614,46.1819245210246,0.0712656818204326,1.75586259699419,1.58164792801874,0.682704234759323,0.0589795357576106,0.0565810977694346,0.00173084146721661,0.172184310277924,1.08203613299807,0.623369454491728,1.61586196781881,0.218574791163943
18,3.87807125507544,44.5989820703508,1.59929667732208,8.84781438913193,1.43725009884425,41.7128230987231,0.229939425581298,1.41937213402591,2.46429907924728,2.29553779813275,0.0662877041098584,0.0472718139245408,0.000792290366500616,0.328451627648358,0.171434204001678,0.898066560168751,0.943832023159601,0.195573735683807
19,3.58214101999338,48.8265568572374,2.18851714926386,7.45354628200875,2.6759278064215,46.1846233016925,0.118822906737061,0.517972565023539,2.33995322463646,0.376472942857537,0.0600839184211412,0.0678020137568237,0.00355939886386693,0.69179000123598,1.07265751430066,1.85263652785619,0.569243059498258,0.137387378969346
20,3.31985214641871,52.573540765447,0.793728029243043,7.48580984835148,2.04068803202154,47.4628764965254,0.0113424099145612,3.39294387892052,0.928984711645947,1.41374975748764,0.0157635111210945,0.0765214563591289,0.00448212809758633,0.566025198137853,0.624220826087597,2.08913386523662,1.29099224361824,0.187971202621663
21,3.52710159830381,49.6128343099456,0.858660930471256,9.73232360622421,1.82442420312423,45.1991563923706,0.19354279820687,0.828356984214003,1.06889716183806,1.73819332776483,0.0298236637815135,0.00740778269647853,0.00268894907402992,0.437914974989835,0.363915003820322,0.443536899684463,1.24205786726857,0.156662827514811
22,3.74505808225254,46.4991702535351,2.08477401590479,7.51764226760253,2.38534465036215,45.112155453076,0.237772627641532,1.48210287392031,0.87232842902032,1.66102563213759,0.103475594123127,0.0286021828483208,0.00314200642647967,0.740735846404374,0.86135417074842,0.813303151871233,0.296019101697952,0.199122317289662
23,3.15649695537044,54.9071863518508,1.13434689181645,4.46694336883542,1.72954446524919,48.1284437062042,0.0663744530716601,3.62618937254542,1.15675646609898,1.00639879794993,0.11820775490168,0.026445201294031,0.00323834138238058,0.285433236595864,0.681790052343393,1.24137006483444,0.90344706285838,0.281372441884906
24,3.7731443215058,46.0979382642028,1.41536325501232,4.59102575142187,1.6446005877102,44.9768992766511,0.25380144438978,4.56519449565288,3.80147993851181,1.55302725473559,0.0777513899225974,0.0550715342609328,0.0031100841735974,0.771744470210668,0.56659692508122,0.469796045245758,1.53224005149165,0.317583111458148
25,4.04873853755243,42.1608780349652,3.45188887548492,7.05902372260277,2.64168776573384,43.5923501170348,0.077813217989301,1.86028072683606,3.81374286649982,1.2756676750031,0.0650213369253014,0.0102757571468828,0.0036977570418343,1.10842345637588,1.10723909168364,1.5065088357674,0.372013955438975,0.192087515413684
26,5.72544178115972,18.2079745548612,2.39377336923013,5.59723887605618,1.62725345201243,32.4061165617575,0.107850705186704,0.648042157519531,3.65158562633907,0.852371909001997,0.104733451846071,0.0723298840203206,0.000722755485150963,1.05757664600154,0.448531072126391,0.551487609559981,0.733690397871658,0.214273423323253
27,3.03980860035377,56.574162852089,1.16978387585328,7.30419062636157,1.2935766558388,48.8549555655906,0.40806556036075,3.96823855115434,1.1878459628392,1.29367514254494,0.0214323986847963,0.0651019217353896,0.00416657356861979,0.258828407498154,0.104789969099996,0.655301991814747,0.879358378310688,0.186489434085321
28,4.25081706817774,39.2740418831752,1.12783792888868,10.3681626141012,2.36901923111863,39.4014619869225,0.0381177080267575,4.84539383545471,2.32344879274451,0.399347569252985,0.0496657995390939,0.0642262341674068,0.000529685698308051,0.424420002303629,0.616306940446685,0.360482363825664,1.38696833388321,0.0996494784866227
29,3.44398808665485,50.800170190645,1.14203464938412,7.17578506758261,1.603665129958,44.9210075173217,0.142028656016833,2.10348806607087,2.76709494986261,2.35665534721967,0.0284894556847711,0.0458495197736193,0.00161306047942862,0.243608642476611,0.332670029438954,1.7084211674165,1.5444379932615,0.244426839470475
30,4.56226016577671,34.8248547746184,0.989748719851222,4.77392288657507,1.80535109263093,39.0771986626211,0.252935715053929,2.14090587871273,1.97344129605684,2.12173467309509,0.0805350383550705,0.0348740590593079,0.00128867501699552,0.744189114102007,0.720997447222937,2.37744214186243,1.45735931013199,0.349166933785464
31,4.80317745905709,31.3831791563273,1.58955635221461,6.11432085392833,2.31715783918045,38.3447111763766,0.468300232510827,3.81864709720582,2.24295902441139,2.01069608178347,0.0517616564094167,0.0381605020181741,0.00168452809520438,0.986694468335326,1.00072201722659,1.93761239841674,0.887170399678405,0.265928216344095
32,3.62169288684212,48.2615301879697,2.41537490094406,4.48836823736797,1.24644276900178,44.5922533529387,0.383080373429453,3.01127583164629,2.04655225916921,2.03558137291747,0.0577093904532104,0.0727718638033257,0.00190979554716498,0.405047926080335,0.11560898180306,1.04469647805439,0.417463771813549,0.364294156440961
33,3.53428389205872,49.5102301134468,0.555865326373009,6.2417215099288,1.8353090234937,45.3767912498442,0.437583138412571,4.98144218237263,0.544078097968983,1.54432284402273,0.054597184606075,0.0725652784954873,0.00224287802207842,0.412725559506643,0.576550265363107,0.96022041056926,1.67310970492894,0.233039125102805
34,4.46722236006536,36.182537713352,1.32209709130885,5.97784530850693,1.79048316526125,40.455787818413,0.195928971039605,2.44051225829598,3.7261406991301,0.846618244330088,0.0333277451635338,0.0324413435467868,0.00219086734459177,0.962280329561016,0.562782537970459,0.973170275890734,1.63130133349402,0.200350336583021
35,6.28804811697928,10.1707411860102,2.23905787906538,3.38977668051443,1.47709442178419,29.0117117305482,0.258410432765773,0.238874445155961,2.15284191565433,0.568508917555834,0.0880989970717812,0.0518464589017676,0.000387515412174165,1.12419479746534,0.508943210285312,0.933407373384417,0.504107974431012,0.321937996195164
36,3.98040699090199,43.1370429871144,0.979773290572952,13.325804147458,2.31366182095391,44.0541686608383,0.433366051978773,1.92321066242736,1.91033186254053,1.08215035076253,0.115076645784957,0.00619555433414644,0.00414353162946179,1.19258397743634,0.457792359551725,0.312020177227755,1.44453167968569,0.0963180171531858
37,3.20338800134943,54.2373142664367,2.11315169867336,5.09828003115875,1.30858909557679,46.997347331139,0.0370398094152644,4.1043699905624,1.9686099404085,1.18235199668367,0.103916085766667,0.0705809331032797,0.00209979021607339,0.194517343257011,0.16553052494349,0.481319530821095,0.525500694250688,0.259260677066011
38,4.88010632390032,30.2841953728526,2.44063615936383,6.00550130387025,2.39052012661892,37.6530776431736,0.246008821583718,3.22783236456344,2.49080849724861,0.575968329918726,0.0224383688983507,0.0612518934840918,0.00158455158811063,0.975847531033913,1.08274395978008,1.49713407048769,0.492292437020689,0.182832295799279
39,3.21237863592713,54.1088766296124,0.950627060309646,4.24078299443311,1.55366074787902,47.9715063958398,0.368950817247752,2.6146399225657,0.7852648521758,1.39630326626698,0.0643686135745995,0.0594340283469646,0.00344781147066876,0.368444029146805,0.501238972660853,0.557683882840909,0.954657355679665,0.330047238420579
40,3.49788086831569,50.0302733097759,0.631834389784943,10.267672436315,1.79292699376687,46.7637103341366,0.0907427552658909,0.798679633856751,1.08979562523697,0.506891759611356,0.0724241605069876,0.0796459026312223,0.00373736399313063,0.680092333858134,0.328897147658979,0.854335862214832,1.82594773613894,0.10444597937124
41,3.42421025513319,51.0827106409545,1.2272623545985,3.84565766145007,1.65725083009625,45.04704163015,0.220925376855605,4.2310721148975,3.98349663714956,0.644271229295526,0.0252171135424869,0.0206504830522463,0.00174006565769017,0.246747787418232,0.693619161201563,0.590817540655844,1.87466022866033,0.292085952946412
42,4.36711064417489,37.6127050832159,0.887290985747621,15.2153994606792,4.41772471187489,40.99267547196,0.339104159107517,2.49208768837713,1.87366447845008,2.06625874475172,0.0211071654356007,0.0228550569239305,0.00246094352507591,0.960130392516963,1.12417030438858,0.501737020323674,1.60960620050319,0.108198931752277
43,5.43704084019473,22.3279879972181,0.880393597964954,4.64946273567323,1.88156505164412,34.6880233112278,0.351393728197226,2.06777394296369,2.0963474988332,0.438928116492461,0.0921484190983387,0.0308982031502528,0.00127486498934776,1.16593025194869,0.826027745234237,0.514760935654708,1.74065548527474,0.225228187349082
44,5.14144006581611,26.550856202627,1.11913384760825,4.77626140012351,1.55133403754493,35.3117716472302,0.149400872970062,2.2733128687453,2.78711912726207,0.451673100258845,0.0525258761378548,0.0418486348781735,0.000757861625298858,0.82853057482567,0.442496094603479,1.79925087414806,1.59010349432193,0.220310022294483
45,3.38787912798485,51.6017267430736,3.28754970166009,5.44938651759763,1.47173406911009,44.1166600784492,0.373610062663048,2.5827568698506,2.56994649074584,2.13462623656401,0.114207910073774,0.0434049005616689,0.000742793380178511,0.123635750653533,0.311442246932769,0.78649491148442,0.244170885976404,0.306706933052628
46,5.17392769803434,26.0867471709381,1.9274239200151,9.93931798960112,1.90893072213539,35.3523544157843,0.144950108491133,3.56221710719704,2.94781069530097,1.80627314337871,0.0914726876261799,0.0139092614917317,0.000907508601598442,0.885662334165148,0.400802920375019,1.83355463632336,0.851257188280113,0.156093608115955
47,4.05739429442884,42.0372243653024,1.8696874642773,4.13391411994475,2.0807168398933,43.2432155016058,0.222752066496729,0.573094385000101,3.98915444525735,2.05461033800105,0.0280680169145189,0.00703529072285164,0.00391451503238827,1.13320181077315,1.18099915261598,2.47850627512174,1.14326026459131,0.396599285931016
48,3.15968234597727,54.8616807717533,1.19620544877122,3.96191952131195,1.61665351359504,46.5149304435191,0.175078814533268,0.943550643725942,3.57178418891776,1.56965337680249,0.0593509610318268,0.0288264807061641,0.00164873517483473,0.103402597412079,0.619673838122049,2.27948188246895,1.76984576216666,0.369292990497973
49,4.17449202871345,40.3643995898079,3.63126682129578,5.24825971642729,1.42677864114327,40.7615352908382,0.32245141145944,3.9197219645083,3.36445439740356,2.24129415439193,0.105011240864165,0.0451217880718177,0.00109244540454075,0.516656373651776,0.278578495001498,1.19532332520637,0.267789459671825,0.326069801723274
50,3.85345198371101,44.9506859469856,1.12633830349923,5.46168885165586,1.56027576319101,43.5107205559365,0.0433603391069376,1.88747528538077,2.50605364383315,1.95769904372639,0.0105477391283261,0.0525774736579624,0.00264955325762183,0.658417601380808,0.39552642051992,0.374546304711917,1.46371303550107,0.294310313918628
51,3.00472915049955,57.0752978500065,0.982214814828022,4.49775879433426,1.35635247006172,49.726780376314,0.0233693220297185,4.33136472527543,0.605662344714704,0.61538136609504,0.11365969696776,0.046402391303156,0.00470623320866376,0.324608431320793,0.243170758689987,1.67344271349115,0.830470352149103,0.247416777883074
52,3.5980294073362,48.5995798951971,1.34507384763794,14.7050650735004,3.14958059901329,45.5486619132725,0.0210741910668944,1.47154016168198,1.2646799174607,0.944802303694809,0.0810685016472591,0.0116107473312877,0.00307473434013501,0.580486818182437,0.712156422327661,1.7828125365437,0.756947539046407,0.0839300049264372
53,3.54289886271599,49.3871591040573,1.65138012071492,32.8050874934991,8.4865196637902,46.1723300181677,0.444013786119836,0.842837166378663,3.11574254905844,2.23186160982385,0.0635915883777741,0.0663663874252234,0.00321407006803528,0.585545372701871,1.17007759388629,0.464073176031001,1.08539578152495,0.0519149576153141
54,3.92326239100495,43.953394414215,1.98396302348969,7.85971521196738,2.54435302639688,44.6993575429597,0.0220198325606451,2.79157292662538,3.88142471465282,0.730247066323024,0.113983563341425,0.0635046111421543,0.00373021491010487,1.06798318401018,0.929673166392837,0.674814126172103,1.03202955547534,0.146970828788006
55,6.11739148977778,12.6086930031746,1.85640435411592,13.9886195450015,2.28886202503019,29.7134598892421,0.0134393483479973,3.65221785165323,1.78068339074884,1.3092384979863,0.0690278195804063,0.0735422477662214,0.000290056592997164,1.01528075013403,0.426828992789456,2.36795404925492,0.610336858049966,0.0978359832767164
56,3.23011490640142,53.8555013371226,0.805811122490454,5.50113153831099,1.3316527131163,47.5937323779737,0.404194747268944,1.56225242985855,2.03402823869217,2.49553494454781,0.0141919425952326,0.0257814333175775,0.00417518143327907,0.411581890918935,0.17533550740988,2.32312207629935,1.89503514372325,0.327722996995784
57,4.88445245582572,30.2221077739183,0.952455436461674,10.1822100014127,1.73349151615463,36.7352649800576,0.139393474149797,1.43104404065649,2.12805082307896,1.13109210702265,0.0730836714824662,0.0569666561681661,0.000815383908994496,0.747955563783413,0.301129187972285,0.8622599216979,1.6013690751344,0.127902237552102
58,3.95894616360615,43.4436262341979,2.24024232835569,9.15349507202048,3.13434920323013,42.8706394052011,0.480181435119982,3.25583342353868,1.23986661962428,0.480144265708048,0.0293679146656301,0.0479304294975591,0.00206630007408559,0.606512187383758,1.13537465756231,2.07882047423239,0.320254950257484,0.116069138934215
59,4.57567895496227,34.6331577862533,1.23034983402735,4.97032632725184,1.72381891903906,37.7016216666295,0.318875626445174,2.46011105906956,2.52136576932894,1.06057986514845,0.0442642952093777,0.00890268845274113,0.000547921180918813,0.544646254018182,0.606715283469452,0.731612670149654,1.32118256615847,0.256756694945274
60,3.37212845657185,51.8267363346878,3.31645974471387,3.7503073436588,1.24278962163673,47.8906272232193,0.320566089408969,0.880582663221983,3.47204516587818,0.795598249976523,0.104288600321595,0.0721831524226582,0.00464356771719828,0.737624662076666,0.13326633669242,2.10212250839143,0.361273798384238,0.313963982571382
61,3.49903329525527,50.0138100677818,0.871910843615027,7.43865619814398,1.41337047583117,46.535254577014,0.240004940489206,3.87784834346517,1.68246289208337,0.934275532278698,0.0778864677906347,0.0125901371524087,0.00385767945059389,0.668859883543958,0.187120838968782,2.01487402694952,1.54352594890306,0.165359128608407
62,3.03221955874043,56.6825777322796,0.560546000516962,3.0410094709305,1.28212572638752,49.0312726875808,0.313909654223352,3.67339851421056,0.892029021779308,0.386880573096375,0.0992240089589264,0.0422389275488094,0.00362325161711127,0.235223146913496,0.232001102183635,2.13522638194589,1.94185767023498,0.338152266338739
63,5.73627041045881,18.0532798505885,1.24329160199541,7.83367190968239,2.60814634916373,31.8002568079434,0.363564866870106,3.4172814567734,3.00870309969682,1.04961768266124,0.0234473319422143,0.01301110711199,0.000491488422237337,0.95111643433338,0.97535427756204,1.19275230360031,1.48528676907998,0.162410322194182
64,4.02993616916958,42.4294832975774,1.05913375876109,8.21554422496202,2.30079467827946,43.4668422921701,0.208352556526638,1.29425909045975,1.33266805018337,1.81312324540752,0.079928289038719,0.0713530230739852,0.00278059232230112,0.86940210634338,0.734358674507588,2.37390718831712,1.06361645771191,0.189019167787822
65,4.75369649392903,32.0900500867282,1.05607854325468,15.7007539482592,4.57350518681401,38.2524823939109,0.343248305257278,1.63838468651093,0.639822317350966,1.75211914163999,0.0875867881320417,0.0681393070302438,0.00134231089380011,0.853177947146585,1.1413102954221,0.699329247285302,0.765601526753511,0.0974485187770721
66,4.54048937600558,35.1358660570631,1.60527495250419,8.03116327069432,2.29871075487946,40.3586268216396,0.247984136907143,1.06623248932813,2.39785672208178,2.44535860266568,0.107957473753354,0.0646880634417757,0.00214330822950974,1.01275453483406,0.749861140290197,1.74879336135741,0.919947797940113,0.222223768701466
67,4.10763665723078,41.3194763252746,1.15057048009278,9.5142475758966,2.95099109886791,43.2438581803658,0.380356580398131,3.89949064595322,3.31449192398344,1.93371014141012,0.116700403859901,0.0471514389574295,0.00295455746059865,0.979243623846754,0.991532264829691,2.27180850356088,1.74950077132788,0.167945113468527
68,4.27603743330281,38.9137509528169,0.954104062643973,3.49456957594703,1.43594472253,41.8093273325431,0.213596559227848,2.97109625732076,1.43678702160056,1.35041749520398,0.0463520423858038,0.0214730295340996,0.00258941727819666,0.970940114521111,0.432096390132016,1.65477767631582,1.26479034136888,0.395835009215982
69,4.44864333848068,36.4479523074188,0.947594779105294,2.99671631476154,1.66761953406563,39.3850736732916,0.0811709665460822,1.93594876787982,2.64427515005344,0.787430255229585,0.0841704383587309,0.0161262395568192,0.00116764824638516,0.65209143967942,0.908210813868713,2.35397965415738,1.86274184104009,0.392448304378389
70,2.95898131263759,57.7288383908915,0.821364930341948,4.4180609002003,2.01743048004174,49.7215886534712,0.188743096974376,4.88493116324372,2.2194165969217,0.66836368106973,0.0766773759786195,0.0296918425970362,0.00446304930860922,0.227176552457968,1.03012645443886,1.11272572014077,1.95983134394977,0.256266251904191
71,2.98629436726232,57.3386518962526,0.781237156905169,14.599735618602,3.65645709869516,49.2829089717113,0.100642549149677,4.99639213481833,1.59267893529575,0.471058249051683,0.0681790918700087,0.0691460808029515,0.0037099116111286,0.183541908523689,0.898870429506603,1.35602984039035,1.70820090783574,0.072574479539219
72,3.79272002451073,45.8182853641324,1.55119798853241,4.20646920355214,1.24299570259125,43.5985317941899,0.108407452924596,1.86592026204926,2.47366999785299,0.350567930171577,0.0940730635836565,0.0374643718190491,0.00176627368903533,0.475110577874507,0.119070769406622,1.70246319942766,0.983510239659343,0.24130453926546
73,3.13160116168855,55.2628405473065,2.70156458012544,7.26335532469685,2.24446487582115,48.7051600587722,0.388226113856312,2.5434407720683,3.54166469442309,2.09688426035565,0.0347362169140872,0.0441186609773431,0.00450454453409091,0.400913941439008,0.790068920493591,0.419169686033856,0.576639003878459,0.228185474225204
74,4.08569795723539,41.6328863252087,1.2183884451542,12.6817258051743,1.53946551321053,43.4230919890291,0.186180006049674,3.05918371939636,1.29406561070471,1.7611278050739,0.0304529381617205,0.0344763764084782,0.00362627396194637,1.15504779073945,0.16176068349105,0.342292226056879,0.873704864760861,0.121012689069573
75,3.75271827487067,46.3897389304191,0.974988024789528,19.5839216102447,1.68547501618698,44.7638444083637,0.406683965731606,2.82343036930783,1.72583170943428,1.34483876202892,0.105675408466812,0.0709893337581307,0.00262010650711507,0.637884671310118,0.14374211614416,2.17530293263805,1.36691716892924,0.070501481708566
76,4.06230396753618,41.9670861780546,2.14340779864246,9.97618883693461,3.37041636196462,43.1368380990264,0.0795833652324509,3.32644177926417,3.32885728387395,1.61936572547567,0.0822603557920627,0.0133229637290351,0.00288938257929683,0.891899404136697,1.16550295539992,1.77993465200129,0.804157457770314,0.148627559195816
77,4.45383130944569,36.3738384364901,2.11094531545671,4.14606396335324,1.64384429106106,40.2408424629674,0.256019193570929,4.95294918654549,1.93920701866698,1.38407890427563,0.0742828862659168,0.0106658457673038,0.00194371722770482,0.870172897915589,0.626450933995889,1.43487946082419,0.519898191868328,0.336661658935598
78,3.22443092228156,53.9367011102634,1.89012940700639,5.42395248881245,2.05363461222452,47.850249486403,0.270503121735582,1.26345259855393,3.66213440353516,2.10668484427144,0.0937533522627084,0.0135440407927963,0.00364481283978373,0.373422632284618,0.873995307243584,1.29411437800837,1.0486759879468,0.3061188823975
79,3.77588727898065,46.0587531574193,1.95582057311311,2.89355826231219,1.2700846574255,43.194444559217,0.457530071117046,3.35549112721005,3.22860468225476,0.51384285748393,0.0833080346216215,0.0515815503934864,0.00139358309850097,0.396261820881938,0.222059727189286,0.708909988796183,0.898126641270705,0.371474667065893
80,3.03933734191966,56.5808951154334,1.34887024274141,6.2914339751661,1.32725173602066,49.3054599044329,0.120406962984932,4.43808908658358,3.20760118984423,1.50146116559394,0.0490548998484543,0.0176938641328597,0.00499078163217381,0.349984143135759,0.149652143391237,2.16879190529961,1.41755531957792,0.22876503544196
81,3.68563198132812,47.3481145524555,1.48535002807605,4.03075342965681,1.48620481027597,42.2337092703342,0.197635171970997,0.501039421884033,2.43525109360033,1.8329416287796,0.0186575852258364,0.0487320368876681,0.000602588911399245,0.218545798712332,0.439831209892252,0.66618068519095,1.02250478713494,0.386551559076024
82,4.41212019249255,36.9697115358208,1.20058517227554,10.1341413108505,1.6135814579324,39.2450480795224,0.466104748108944,0.103237957786536,3.62438868527068,1.79795110090279,0.0236359455262776,0.0556733926138258,0.00101686406134814,0.589391221508617,0.240674661046515,2.46084646240389,1.72299034572626,0.149231041998952
83,5.33516573138292,23.7833466945298,1.05249575870183,14.7209177665368,3.86985175075083,33.5131912998187,0.441237102440209,1.54535487498459,3.08928262722523,1.07517705716938,0.0459529937363385,0.0626098182991263,0.000216076628763229,0.725307229598286,0.967285116475231,0.987374846992238,1.83796140459646,0.0869907552097381
84,3.19165010521407,54.4049984969419,1.6841890438525,9.16344673241835,2.60823891481475,47.1256714505358,0.0273924274992741,2.40946045309367,3.49439737564962,2.17523721196192,0.10685543842079,0.0177687951840926,0.00232920550141111,0.190625981402661,0.833866311182733,0.926976131628112,1.16861011821171,0.184180012423118
85,3.36213506243345,51.9694991080935,1.56136053000507,4.22511860297065,1.58315354770511,45.8753905539155,0.393388275306462,0.80560567974144,3.53118508038848,0.679453273990192,0.0181571589989665,0.0065323991641053,0.00281203800529614,0.315152843933475,0.539604510248483,0.72083680504933,1.28266424395749,0.268456025680061
86,3.77666314986129,46.0476692876958,0.971086836677083,3.10523718657209,1.82771501193342,45.0421730196659,0.422683533713346,4.26831234669996,1.85475389728827,0.761496487050938,0.112021374960259,0.0609932608614909,0.00312564425248653,0.778443521815197,1.14611197102807,1.30740456453074,1.43517846191907,0.375565675322044
87,3.1397372015743,55.1466114060814,0.99417447868405,3.69602605239334,1.33815541893858,48.3313693523761,0.162304646743392,3.09859018956125,1.2490380453978,0.992686272330117,0.0869090347450304,0.0744819460404688,0.00331808838169649,0.289443100625494,0.270169318855895,2.43326549910506,1.11466797134792,0.338640025015571
88,3.64394664109428,47.9436194129389,3.05661772665712,4.16877690410908,1.42230430306141,45.0509141826751,0.401808252907436,2.04193853559376,1.88675425390208,1.70854744605937,0.0872145252780678,0.0409297738025198,0.00242274031668901,0.51363169247595,0.345101582095493,1.69396583513077,0.200728859553579,0.363199767789998
89,3.48647781146033,50.1931741219953,2.07714636137486,8.73120944343173,2.89175502563559,45.6748660800077,0.409051313632183,2.16427316629762,2.43871034221064,0.490249372420212,0.0138347119070434,0.0353062692226376,0.00298192511002347,0.443385454216584,1.04497307540112,1.60696685380675,0.645401365227997,0.122090845676682
90,3.46528111312314,50.4959840982408,0.914338844946264,12.8308743949486,2.58208179835692,46.3633342661718,0.372511233965253,0.478840593602586,1.2929226889892,2.16978034329461,0.0854092459488893,0.0630177397168591,0.0028675704485625,0.471574083696818,0.584861761904632,1.76408210594067,1.25544691994181,0.130761137179642
91,3.35628512087819,52.0530697017402,1.10519445866535,4.69923201696226,1.33793149416533,47.2132126027895,0.206716317098114,1.69366005401484,3.43449509380657,1.5332600053122,0.0751976962311349,0.0461543825063272,0.00336994062926248,0.485972857487466,0.212243556156522,0.425074891166917,1.88257038223371,0.308608022238671
92,4.55420027774049,34.9399960322786,2.59783914515457,11.8404861564454,2.74669801491951,39.4749177827346,0.498066836858316,3.29314856597448,3.92051385964228,2.09199111318992,0.0478135908657142,0.0297965596861905,0.00162608181627467,0.837204500610707,0.706493847254353,0.324232140387408,0.686377368046902,0.13982570943539
93,4.56165817270578,34.8334546756318,0.726178329482746,9.94029538067903,2.81746254522147,37.7469927274754,0.0554377446261157,4.83557792755907,1.12048234013802,0.645613549495426,0.0367052343880835,0.0187993284798576,0.000504468509998173,0.526563374746901,0.878779631487327,2.32472879705826,1.56383916105656,0.113068844401821
94,3.23161769952734,53.8340328638951,1.31635166042071,3.64134252575276,1.89230091494657,48.4768626605346,0.477746849209753,1.00322863432571,0.805400696335128,0.316932209560958,0.0988151259642094,0.0210212893203134,0.00479413807282597,0.577273180303086,1.07013656573409,0.997963603218707,0.616733301376458,0.274998728922762
95,3.50166197789632,49.976257458624,2.37710231911315,31.9226252095846,7.17063150818645,45.5103228258358,0.271677565175652,0.442388208707018,2.05404201107876,2.3658610846318,0.0893010402924692,0.0701260582996183,0.00212487321816012,0.363250048122757,0.986836219796756,0.398765333767825,0.431184646273498,0.0548602540705275
96,5.78986101809167,17.2876997415476,3.37368906393473,8.59588457005062,2.82301488447681,31.6683745525224,0.490067314213227,2.14590656608343,3.93791026990628,1.70011197137708,0.0525761045289148,0.00827433876413852,0.000571671898182482,0.998521273065669,1.01960045814832,1.43996006576065,0.409733456381597,0.175749459789251
97,5.71841048404091,18.3084216565585,0.984411243580726,7.81342885450432,1.94820040187816,31.9211969605654,0.324276134508903,2.68249504647916,0.778041815503966,2.32511544124673,0.0740295507746516,0.0113019433303853,0.000468121782783419,0.947704856504143,0.536139533593863,0.646830338895942,0.908081621225458,0.222915976071381
98,4.27535040419707,38.9235656543275,2.81051753839949,15.0277188971786,2.97234071604575,41.835504032567,0.0698348529268677,4.50319801551507,3.64118585326903,1.46392640090439,0.0790039193244884,0.00909913878323277,0.002750506530568,0.993630113641964,0.635182359360702,1.85686681164273,0.551961679505184,0.094859243608856
99,3.56384815052927,49.0878835638676,3.0970669472453,6.03797830781746,1.29806011063524,46.3569827570885,0.0258264520395935,1.27807475601587,3.15960237923738,2.43665262396323,0.0329465454798813,0.0435820904204738,0.00413483532773331,0.792020184180544,0.130648759966716,1.25548810237056,0.380937793502118,0.295458740209035
100,4.2449238659701,39.3582304861414,1.10481624043774,4.36015193097632,1.90818711993492,41.8223988424065,0.0942461225287213,2.99606314007084,1.41837737415413,0.32914626071152,0.0820148669727457,0.0325845118581783,0.00223151655567437,0.85793234257757,0.912770632827111,0.639043483417481,1.04421409104206,0.231008488367156
101,3.50369351738199,49.9472354659716,2.2313672532081,23.4074305664418,6.12390324911309,45.3155304299943,0.316379046510238,0.765396104660817,3.41818574858403,1.6843136486914,0.100028197513816,0.0585464962162659,0.00195504371156544,0.334894871129499,1.11195519384245,1.32334461744347,0.77044825379923,0.0642255592090854
102,3.58323361019134,48.810948425838,0.719779204924004,3.69281748150071,1.89707372536875,45.924940187148,0.325797425772708,0.675363876474245,1.65847781996902,1.52204100676781,0.0693226257910797,0.0215672988024889,0.00333569922836125,0.643893048768553,1.06197926199289,2.49032166797249,1.91917335358681,0.390831659668785
103,3.64686341258035,47.9019512488521,2.84833695374589,4.70777603352055,1.83000161691514,43.9403537248538,0.186457414003376,1.60179178763965,3.76969020107722,1.668433433721,0.0117608465043129,0.0495075477712089,0.00191557859775424,0.37530283921243,0.758512816038914,2.29374196401921,0.558014363162685,0.31862834125311
104,3.26247683982862,53.3931880024482,1.5108898498343,6.72838762575072,1.85080818675291,46.5013905660937,0.266716965713732,0.662941031196698,2.97574595300481,1.57644056217341,0.0287953002653007,0.0548174701046664,0.00220943757560477,0.212927830166183,0.546895782673809,1.79509608680398,1.16537279864913,0.217565366985509
105,5.44517629627236,22.2117671961092,1.1264467784632,3.49658074691498,1.9317171297212,33.2777167936941,0.41578476367814,0.339254999376601,2.16887647157069,1.08889818429636,0.0710747377336491,0.0616724819871597,0.000423211129084229,0.830585740889267,1.17339792368926,2.31322808046794,1.31381229347596,0.366076990907003
106,3.30855228611966,52.7349673411477,0.839788498503918,3.13095976425636,1.82300054827424,48.0275069222888,0.40294197002262,2.77724976511245,1.78455585947027,0.976685415240005,0.0964206504403769,0.0561452654769528,0.00430460418239236,0.597631786642441,1.12882091549768,1.51379363203918,1.6699300218639,0.397703470657851
107,2.88821034031475,58.7398522812178,2.1982293690356,10.7035862543225,3.21163377551711,50.4004715167897,0.463436706993667,2.89488522744419,2.51465868484966,0.536147065677059,0.118639455310209,0.0541999872367596,0.00488242321155965,0.185663060917364,1.00871281731338,2.03852017344115,0.601656269611791,0.101180942008349
108,4.53984547042523,35.1450647082109,1.03353626357234,3.44683322332767,1.58994610500463,39.7067179244299,0.454024996852727,2.08085992661639,1.5723943154995,1.10214235569521,0.11337351714895,0.012123283326684,0.00177029137986153,0.877697127421309,0.67175229526738,1.1166114423781,1.20349082330382,0.374520731946065
109,3.83035222309511,45.2806825272128,0.853021782550158,3.33176293190509,1.80138829013125,45.3385657029863,0.38518765704451,4.528026997289,2.07652129608284,0.918500415284342,0.112614763039428,0.0247313740022364,0.00431682921108231,1.14781367405015,1.02686200288272,1.13658567971255,1.79724469271814,0.367406145446856
110,6.0791991515023,13.1542978356814,1.33226042551999,12.2346221690924,2.32810490726506,29.9862467444716,0.279157185769089,2.17904166957449,2.90162287980279,1.26723050668013,0.0955435979628392,0.0654308893782436,0.000339639636848122,1.02360056873877,0.504796027179186,2.20695937371176,1.33145430735918,0.110525987044753
111,3.26833822588481,53.3094539159313,1.48519570574047,4.14035246282123,1.61335142459915,47.5962591996241,0.227640968494443,3.39968606099991,2.36088746136636,1.60612383363567,0.0200431720973613,0.0272641213288298,0.00421377224729955,0.466406801495546,0.588797203268157,2.22917564008463,1.00227994314022,0.356853401795379
112,4.61541496494101,34.0655005008427,2.1748063979529,4.03343831669941,1.50762362077458,38.9702906570789,0.104991465424808,4.40687844078305,3.13637457499707,0.337471703375224,0.0907733520639905,0.0428479129170882,0.00137654906938598,0.807642935810766,0.467311357867361,0.393502598555293,0.74539005134115,0.250487086386847
113,6.61623289234448,5.48238725222176,2.99941837500219,6.41247503377434,2.53600015536239,27.1331711971942,0.203850094431282,0.969256493968656,3.82811344854417,1.25928686638207,0.0667666560654994,0.00508475658606039,0.000276696293856949,1.17746178078271,1.13267978031724,0.994074292457818,0.512170421869494,0.210334012528455
114,5.36425951762828,23.3677211767388,0.80106720749558,7.61941371019652,2.14433778452352,34.7126351284582,0.135806895398372,3.37233297772969,2.14433867622827,0.718030534596803,0.038772761047484,0.0577316732740728,0.00110451779124886,1.0531741184898,0.684420981903017,0.521378493203161,1.97464589519147,0.150994948486293
115,3.9831451411513,43.0979265549814,0.776147741447466,4.34335009700659,1.99640941427676,42.4030191710886,0.0596940841266885,2.52137001384306,1.18901032998265,1.44630251642363,0.0190448150241903,0.00635962792474311,0.00230664284261316,0.640411392981885,1.02253355991918,2.12743295262102,1.48196666810522,0.326697174422404
116,3.77598885865374,46.0573020192323,1.46549569967969,12.0506543085503,2.61745647618079,44.9139235703104,0.171360029376919,4.77278048289963,2.72945948739497,1.03668359945575,0.0445880224627598,0.0784574625751702,0.00319884476090968,0.769799106876443,0.638081316876691,1.064821445455,1.13499108675914,0.105216714824938
117,3.81970507071531,45.4327847040671,0.784842474356126,18.826857083753,3.86069183806808,45.3706896907765,0.342373374147255,2.98339691962224,2.02775603167674,0.371681476441678,0.0361077753268881,0.0689861370592844,0.00462267033578455,1.19493078698676,0.753785841681606,1.26572362349757,1.95286454445543,0.0543175987208573
118,2.89328112051246,58.6674125641078,3.18816917267595,13.375260295211,2.29003501463187,50.0832429379249,0.0768480672071067,3.07443393505823,3.00213599740217,1.84515003136965,0.0888165754908851,0.0669108909060596,0.00426025602485612,0.142312627275785,0.446861069960985,1.22045030705786,0.331822012824472,0.117076924437385
119,4.07817000877345,41.7404284460935,1.31493721255186,34.5305309097082,3.18349671983166,41.8461033281653,0.273306754478789,4.38263600505888,1.40011886723262,2.37427645861901,0.102923260945089,0.0628951225456549,0.00148189641315117,0.556860352612101,0.308413672311231,2.06056969739761,0.827313247306273,0.0509839324874338
120,3.22031800617523,53.9954570546396,1.11587350549863,21.1927305026638,5.50967888978438,48.024721841803,0.0581964265220488,1.81024241204443,3.37689500221944,1.85253970197728,0.0630372738817241,0.0389066823381581,0.00368614841619134,0.383068526605222,1.07657767793086,1.59030867813093,1.83947462933138,0.0740155544742011
121,3.49400494125401,50.0856436963713,3.07461578699862,9.94178617473783,1.46832377988919,46.7747150673261,0.114109102365344,3.94590254115833,2.91357252795676,1.41841093895414,0.0390145137998896,0.0284444394941092,0.00428370408863202,0.750891630751702,0.168916665406432,1.02474037934327,0.350725288608577,0.14168897433676
122,3.51991449072048,49.7155072754218,1.45624077204109,6.74370637930669,2.5082341302469,46.9937964831296,0.0196090354074569,2.64629867788878,3.3014615012717,1.91323667166599,0.0583579322671595,0.0233635227879859,0.00493086369325966,0.929409660875254,1.05551222144448,1.03213094213838,1.32495420586457,0.235952427794846
123,4.90552900500258,29.9210142142488,2.02682430241595,3.97985194825895,1.84352023434316,36.4443527977571,0.427859902870166,0.419195039698233,0.877698548307332,0.560742388015923,0.115705979978984,0.0752836708285031,0.000683773351158947,0.711531388013701,0.915011631829121,1.56012865149152,0.316326928748284,0.273536703136012
124,3.42803547256688,51.028064677616,1.26170469106721,7.7698023750959,2.04557598670201,44.2772976091538,0.153727910296425,3.75632457330474,3.74494469652146,0.421869589444716,0.115989497032746,0.0563139588729828,0.000948416422765702,0.160015082661373,0.604695226935359,2.39908092990859,1.72929932336789,0.134027461026834
125,4.36900608852659,37.585627306763,1.4007930399001,12.7000806223592,2.17086047779918,38.6841104054303,0.297445872805206,2.05660210426548,1.16891789196408,0.819791058351751,0.014636360636501,0.0155029188405024,0.00055820421808213,0.460619081401809,0.421540654589577,1.37893504770162,0.684884174701292,0.0934997025180686
126,4.3469665664708,37.9004776218457,1.51151931193426,10.0897147775004,1.93666248060659,39.2753315000908,0.471365745886221,3.56790263474228,3.4093253046441,1.16217346729788,0.0376323651988059,0.0739529900109046,0.000764843151684851,0.505997355363953,0.409203318886614,1.33905522728308,1.29944112858409,0.13018642748741
127,3.48608517443327,50.1987832223818,0.670517617487881,7.96539421000971,2.34681184767249,45.8919140973938,0.131163816539082,3.34717420388262,0.709434193001362,2.08438535865971,0.0632850695964337,0.0598134890210931,0.00250866025086492,0.421157321968426,0.787635338304176,1.95611223000304,1.43971805887064,0.207642267212543
128,4.08641102657219,41.6226996203973,1.44007704861178,6.03573324226628,2.4883571225608,43.0938246026326,0.176790326061208,3.44779357706864,3.69005216120626,1.31841263349215,0.0209007925320106,0.0159758113584248,0.00358776748874784,1.08040353057192,1.16209704263858,2.0943504081564,1.46624289502576,0.227251866211843
129,2.90586145445897,58.487693507729,1.34992663388085,8.72378204192329,2.60416355963828,49.9222176117799,0.24352768603436,4.52210347581383,3.10373410010904,1.55720033516859,0.0671113313658241,0.031107149090094,0.00436597357135639,0.150954843750689,0.873448623577521,1.01758102512065,1.38048829886597,0.167310892063115
130,3.75968783144617,46.2901738364833,3.4473060869541,7.89157733785145,2.37971099878464,44.9732532551198,0.275990467400321,1.7751922763898,3.56239127173865,2.14612813641845,0.0249348729295656,0.0730639792018919,0.00349556386516988,0.803410269329247,0.816806101959664,1.333519059426,0.33914472634811,0.212313373474909
131,5.68344370039557,18.8079471372062,0.594966218346486,6.71046664070786,2.50383122411855,33.1247365841287,0.164008549396042,1.78761405089226,0.956031529196383,2.20115619331319,0.106515093219645,0.0369667604134302,0.00104212150948122,1.17432306066543,1.05730907879032,1.05988849855882,1.85799432529742,0.252801779333114
132,5.12329234744649,26.810109322193,0.784790191967462,7.20306067659017,1.93234438059223,36.0102235939092,0.336484126961355,4.09954204012081,1.09783884304304,2.26753605767836,0.0108498171443508,0.0361737835176755,0.00145201748629659,1.03799398898543,0.570057826090837,1.63909646342959,1.4079790731254,0.238921435964682
133,3.18112779316499,54.5553172405001,1.2744039116711,4.57997126938337,2.06890863653249,47.4858909202737,0.236049927176349,0.137247605695001,0.660059845846457,2.47581995562852,0.0322779175648078,0.0379411010481417,0.00287429074562341,0.236762114375442,1.05249397551656,1.10103156744208,0.589992430973798,0.388616427320754
134,4.08820573038337,41.5970609945233,1.72371302543339,6.55167795374191,1.49052937533631,42.6688808631622,0.329955085443496,1.2263012203963,2.27523911223592,1.99544006934824,0.047185403456927,0.0573509240126586,0.0023591641292274,0.78269415854748,0.274047144210354,1.97483304379586,0.809647347112652,0.247100663997466
135,4.82465856583477,31.0763062023604,0.966271724505858,9.39588621666972,1.97357674512605,36.0665639030541,0.180555027297644,0.208846378634529,1.50665587226627,1.79481860911489,0.0193876718453054,0.0193940067415242,0.000249645028766245,0.561788168528816,0.459967934620334,2.47039396073281,1.27183551964164,0.163916844744119
136,3.27081478852675,53.2740744496179,1.39502667997762,5.65851781857059,2.14509834679897,46.9256614329811,0.262639940784647,2.12134154895817,2.16646691152011,0.300917418092334,0.0575594904123107,0.037220676345285,0.00253543551081419,0.268606097099682,0.922302362754941,2.29521301365333,1.01786479745246,0.176115063821082
137,2.90359773585631,58.5200323449098,1.13454519625155,7.63238751397744,2.37217545030039,49.8048726305607,0.178599262804026,3.86985047583934,1.64213806879668,1.17676215313716,0.105818983171678,0.0261910477280617,0.00396861736154556,0.129467327595456,0.839380546826093,0.637105673202624,1.10011431926163,0.172878916549302
138,3.52594863371396,49.6293052326577,1.607640926466,13.2034672273877,4.0703785326538,44.7590678709749,0.130167771708445,4.58378915111426,0.74432723082602,0.444125391226728,0.0261471151421778,0.0522863976962399,0.00183835167775676,0.310374326484976,1.15788371815455,2.4103177008781,0.446033987991512,0.0794952150927469
139,3.7022850803172,47.1102131383257,2.10027773324135,6.44194206772102,2.5186735513956,46.1309032096916,0.159966864582601,4.67304595960351,2.55406979729887,0.865014355318155,0.0653870036192161,0.0492139204651467,0.00469133632223308,1.09901033558153,1.11343172577404,1.15502456212354,0.659681436610408,0.187006142680494
140,6.14396696682281,12.2290433311028,0.813853863194077,4.06083236308003,1.31433331863806,29.6309981306975,0.146852614322538,0.12672720631895,1.21171270246152,0.528242243859296,0.0231596342220592,0.0382942628478049,0.000365917865209281,1.06210483304566,0.215217762846577,2.07138209300861,1.40188120932365,0.265089065210739
141,3.58700914481539,48.757012216923,1.58256251633116,9.17150156419171,2.44539432931503,46.2148088952514,0.219538002219649,1.03432437919887,1.35273244037371,2.42790720587379,0.0919982152541634,0.0592466563523048,0.0035178002197817,0.698032423035552,0.740272712684857,1.90596096092726,0.632814060168806,0.193919577274045
142,3.61842356291253,48.3082348155352,1.70379154476665,5.93824864361334,1.43816277312338,46.3053885119485,0.332209691115686,3.14005838465846,2.54359798122314,2.05013487300013,0.117462378563445,0.0790744973016554,0.00384106669358909,0.817706794147612,0.256235700920302,1.80564661363559,0.895022943530232,0.276286786231988
143,5.39374244139537,22.9465365514947,1.65622288757906,3.02877191941506,1.59644968317001,33.8548332794917,0.477039352803235,2.01080582982472,3.16331317460824,0.886500937055331,0.0586673531787858,0.0511747480700142,0.000628208015497774,0.881278277713184,0.775704445725617,2.41505623741448,1.09752702931967,0.399999514097426
144,3.19981897119451,54.288300411507,1.0085995949112,14.3714352680366,3.1924406523479,48.3798941550659,0.0921729513355143,1.84702389266404,2.25286298384463,0.737741808190631,0.0696007478799283,0.0267442127256654,0.00424335855254158,0.445175830446261,0.744286455199743,1.17428286303859,1.55277153691975,0.0805563346251535
145,3.83734006898404,45.1808561573708,2.45962057027648,3.92091893894732,1.36763491518138,44.8795116722073,0.167885151904558,4.23663067273299,1.42283199547674,0.599089262212627,0.0495218955676149,0.0456645291909808,0.00365907581730187,0.946136265909687,0.293995010952232,2.24966568808102,0.285045927276835,0.28224771071792
146,3.41561254920429,51.2055350113674,1.09555369739775,3.16248798055045,1.2795302025769,45.5884788391289,0.0461987904333509,1.3331150950004,1.50001524830043,0.928172045478597,0.0351543577419283,0.0759476323449053,0.00198671000895649,0.292847340044022,0.218797024283636,0.822934520570561,1.08977789902966,0.388287352569712
147,3.58218476755386,48.8259318920877,1.06079794793281,7.94105043310145,2.28259128630437,46.4597429994308,0.125778642375263,3.17468880218097,3.03951875433559,1.47724418603163,0.0611159216754604,0.0204688917572494,0.00441427246044949,0.874651165379289,0.747754025414586,2.11346565315717,1.80340375790931,0.180106991993147
148,3.78010722049526,45.9984682786391,2.9715727166832,14.8125731955236,2.78678590723485,42.7601447406753,0.0990690193460168,1.1890894445385,2.01048646768633,0.893360054194462,0.0640018806818795,0.0162998100424302,0.00121174626874551,0.345062850205538,0.578892686750041,1.09289213753849,0.241072476744652,0.0820157159479568
149,3.15187292943662,54.9732438651912,2.03575403937753,4.78081541927677,2.03513956285285,48.8180103182591,0.0513684902906651,0.993617039488629,2.68112249455648,1.91576974754874,0.10212436409092,0.0321122667337186,0.00444834679750726,0.436979184121359,0.971336373915663,1.23268563840445,0.722957991024945,0.332936363854252
150,3.28328426015588,53.0959391406303,2.58591766801619,18.7304002549086,2.49004491851458,47.6583775206779,0.367386336765306,4.13529353763986,2.70901041465656,1.3871902787063,0.0457768832493185,0.0300241219187737,0.00381663476971164,0.453785620839257,0.374948470307825,0.755653790858109,0.476574716530275,0.0745681457470637
151,3.06231192621561,56.2526867683485,1.96917906581485,16.8005628911659,3.90017732073205,48.887548686768,0.0830226935771915,1.63263152731971,0.7648922823191,1.16674961361786,0.0674287256923892,0.0227276794576319,0.00395245295341685,0.257235635781117,0.856990773505531,2.49923379894843,0.313689564840402,0.0783164432268435
152,3.26394093641161,53.372272336977,0.632501812646554,4.61575739956127,1.41618431509039,47.5739618822915,0.44912901464488,1.66961712133419,0.756195141688222,2.3325036806756,0.0486191692698747,0.0141702089626342,0.00375263120643422,0.433415650895176,0.304748245229789,0.614992597747284,1.57974154468067,0.377576982200689
153,4.89008357213873,30.141663255161,2.06490596269601,3.56630338297148,1.89994774699514,38.4913822953714,0.0288291316855078,0.373369338808814,3.81095468724302,0.84092623069603,0.0795904279703973,0.0670015795172076,0.00207412973826379,1.19768968523666,1.10386758893868,1.59400894925185,0.958416439599358,0.335246809686728
154,5.29267581536057,24.390345494849,0.849966060524537,3.9262096962094,1.9087136791287,35.2569155268127,0.0733153100015518,4.31739556686867,0.794813973308774,1.27086672779048,0.0399330315364913,0.00763712249719538,0.00143325002517924,1.12291944062663,1.01435553625373,2.1507860885455,1.11106869304739,0.344951905894637
155,3.04288338436561,56.5302373662056,3.75549947450724,16.4598999765361,4.92309803237345,49.2173848548403,0.431168106151434,4.42408416184046,3.78808839772673,1.68638882584358,0.0570589440091203,0.0501536837843014,0.00427646592079848,0.280424461223728,1.19975229117212,1.20561704577118,0.291076229541563,0.0915437433490297
156,4.40411914894828,37.0840121578817,1.7139230542964,28.3676654628948,3.94477914874153,41.0955954245051,0.0672436058945411,4.73683066706988,3.24689285602149,2.02783550301862,0.0337103060620915,0.0715483569104108,0.00245582260214165,1.00772678971974,0.51577014566306,0.492601266873535,1.07828792620497,0.0575784472203425
157,3.92252069918413,43.9639900116553,1.72317238462617,3.79069292300098,1.32689257895808,44.8715407579494,0.216019221823096,1.25074640682961,0.904852556772142,1.51055321007765,0.118088249452854,0.0538571580728749,0.00406412172846496,1.18061276203642,0.24788296151588,1.37210145507148,0.44484771103505,0.380264158752398
158,4.61100382545216,34.1285167792549,0.871627165850598,6.77542047126296,2.4472268408398,38.940963501026,0.0961065564370792,1.66440648994253,0.522166192628598,0.491420194489726,0.0829419380763623,0.0621628470260184,0.00133302713691443,0.786040646969651,1.00347962261961,0.776173793401569,0.931183227585629,0.157470683901571
159,3.23366523010265,53.8047824271049,1.195592429501,5.60409556097251,1.4915117045595,46.0835390421389,0.231748192602186,2.3629821407483,1.48002016463007,1.94189687346155,0.0114204593969897,0.0604818261257606,0.00199236773949489,0.153593017192868,0.321301839923253,1.89496656938549,0.966929858198389,0.285662936172293
160,3.14151955911588,55.1211491554874,0.963560219903776,10.9115780199979,2.61659250430273,49.0572186531699,0.491333506595739,1.1973936670681,2.26429540015718,2.15537997851878,0.102519389810925,0.033925963749236,0.00489009816903621,0.490521065178327,0.704277491616628,1.91451484572391,1.64054468738008,0.153619940221232
161,4.19427428729088,40.0817958958446,1.10280224464471,4.02586410541501,1.70888217962349,41.8881359348909,0.277378242218541,2.84381721521068,2.86045042917792,1.72691695874929,0.075313530193828,0.0582645048497361,0.00201682029299066,0.763206217733367,0.729645542550677,1.8193061296631,1.64807541942829,0.377987151132004
162,3.5522800984611,49.2531414505558,0.582519353753287,5.01082019788099,1.4163693823153,46.9636397929512,0.412806209164563,2.73691025922401,0.530126437409393,2.38483972514234,0.0994714633748867,0.0294703621244989,0.00485688866033778,1.00437870732268,0.28091446388443,0.76930914222744,1.56847895379085,0.351914883291
163,3.33531592273229,52.352629675253,2.39872695087482,4.66113712916121,2.02024972560798,46.5885192990777,0.302771841759196,1.05677566941975,0.981752723811272,1.65446029456068,0.0789303318945303,0.0589706909243832,0.0024005498595722,0.303684146242682,0.979569134828557,0.948797150367405,0.219059847748838,0.320405743292882
164,4.9765475696734,28.9064632903799,2.3573584008557,4.32090434363626,1.45369472916093,36.43945214506,0.447387882959548,3.77667786164527,3.86479058568094,1.22926574814785,0.0604427635220035,0.0271691926129279,0.000953652751453221,0.822265155231658,0.370946289489667,1.94727320654846,0.794158830421045,0.309734322728822
165,3.13113623292595,55.2694823867721,1.7812481556442,12.5690022275482,3.31205937806078,48.4598610856439,0.0343449302263403,1.08746466778219,0.729495442647797,1.88939163105066,0.0338691317638072,0.00863101396203274,0.00493670149651915,0.390277808421214,0.900793105314486,1.57799349883338,0.37905474048527,0.12587935090034
166,3.35670488583571,52.0470730594899,1.92812163597212,3.45844988719273,1.5712227971194,44.3800350565308,0.122240121937869,1.71409128420847,3.6147924306655,0.861054839021061,0.0703533314342843,0.0224397504373919,0.000853107803702355,0.119391716115177,0.641181830376154,0.688317589755946,1.00983511738246,0.34785191561856
167,4.58064112654395,34.5622696208008,1.24175806786247,4.54132373673206,1.47615017089654,37.4052679248083,0.0118846788799778,4.63811783746009,3.07604198334312,1.98211008706177,0.0326766178086245,0.0497983114490053,0.000317443559255451,0.496616766223296,0.378802634103068,1.72777746750833,1.51374531515408,0.355981629998035
168,3.46103198623251,50.5566859109642,1.95833746911416,4.48674895469496,1.44664377386446,47.3858638090886,0.39797292805349,3.46584474602303,2.66115674103882,0.63139869209736,0.092715865149737,0.0316439098239061,0.00477157453687862,0.849187415350539,0.349015947431714,2.23863033529899,0.763259361084085,0.249233171887579
169,3.23378538728142,53.8030658959797,2.55970022245068,15.7352357482635,2.61877540513023,47.5185244822466,0.495792296651262,4.05190051277067,3.71276054357722,2.12999954446219,0.0960443355547419,0.0307257338147028,0.00293822076598555,0.29683953071502,0.489105819064736,2.45434153531321,0.666686875506304,0.106124374873936
170,6.18303739943799,11.670894293743,0.676208234982244,5.0573545609871,1.98743728664751,29.4838163249911,0.288356925624958,3.1588917802625,0.85476082746832,1.74941319166108,0.101573587725156,0.0659520827183151,0.000349338222619146,1.07141984247688,0.868892413251878,1.28120343276579,1.52324572387757,0.302542349770316
171,4.446883141465,36.4730979790714,1.54616297435159,5.07588733833712,1.65215551346327,38.7547650130912,0.263386847099064,3.12011307987796,0.508553677197779,2.31926949280252,0.0906373424822853,0.0683775773294619,0.000703231015730649,0.538431708134012,0.520258461110371,1.07000493821378,0.402130384329241,0.342795858138629
172,3.08732151406166,55.8954069419762,0.701341833283738,11.8178351059493,3.68418463292199,49.1280055616916,0.425509822272106,3.68823673652268,1.36996045095031,1.88030786398441,0.0767972378812963,0.0661756049581454,0.00435839256728441,0.358001355739233,1.12273402964495,1.99735706012075,1.7941046330817,0.133530326451175
173,4.03735167040195,42.3235475656865,3.7571195931676,5.31255929557767,1.68827873490948,42.3365256578367,0.361741698010941,4.15364433307558,3.09834481936453,1.49527734856711,0.0354312702728358,0.0666447593640187,0.00186302416119725,0.616692077643316,0.532643049449272,1.46074748702316,0.206228518832475,0.270398790656434
174,5.78580149103799,17.3456929851715,1.80846673058143,6.86539275325445,1.49525106977001,32.3722392301099,0.0533076677103837,2.30322088312047,3.34318157672533,1.18997250462013,0.0269644714744917,0.0426708789172117,0.00100369849593565,1.18538798186214,0.265121481073943,1.5281107558355,1.03528769196803,0.192923987506578
175,3.77424646113942,46.0821934122941,0.949788972497456,8.11169500367338,2.17991809633473,44.7563303277033,0.3990609523352,2.65865859003055,2.78041232089434,1.32978427288511,0.0851622499010836,0.0558004326567752,0.00280253272239119,0.694858347805605,0.665825285761462,0.604448066691247,1.92206154258735,0.169522094445419
176,2.97035449832678,57.5663643096175,1.21894596937022,4.65989433376875,1.99335810602718,49.5405517879823,0.199065738182251,3.69982465388215,3.17791919816751,2.27635854224364,0.109509289498813,0.0605113068663632,0.00388837351920828,0.19679783063118,0.949648764018901,1.14395978232551,1.58492605673848,0.370078498989654
177,4.01019185797159,42.7115448861202,1.00960153079036,21.4569798665542,4.53477626340068,42.0142628234808,0.34152052975633,3.99183724383599,2.82972644998343,1.21313396139164,0.119969322193204,0.0145148312035017,0.00146464695234597,0.509695333749832,0.825693082986089,1.12384826956829,1.81353761418629,0.0621063456680859
178,3.61933017954609,48.2952831493416,1.07019790126858,2.56288246330288,1.73201903230611,43.5515685375905,0.147254831862069,2.80197938015731,1.92718787348946,0.329617768817426,0.0891875425157836,0.0302986493917415,0.00112954926157743,0.269328920993799,1.19336707116074,1.52018231031469,1.30615483124834,0.393049406490017
179,3.94592025068097,43.6297107045575,3.02508837150311,7.72528402447436,2.02472370015424,44.5337969088238,0.241302139698978,3.63571048275731,3.54943649971392,0.585489389706403,0.0476560031835145,0.0493302061016439,0.00403380292939767,1.15117619606977,0.594062941539412,2.02964451332018,0.461786246238276,0.142589895797893
180,3.26436352624191,53.3662353394013,0.70497558695041,3.30126199286425,1.53249089965315,47.3706311240207,0.142735567399208,0.302300956692857,1.6301795192804,0.823952434985898,0.110931255592771,0.0128340977866901,0.00317596650242806,0.354745179533726,0.610350650612187,1.4244750832892,1.94851634229906,0.359672382867895
181,3.77012240837063,46.1411084518482,1.76084849078492,11.6036010427124,3.71025289652406,44.5574074233448,0.0172949717801064,0.952185719554701,3.96818807345039,2.11619212234486,0.0169928871166737,0.0695967255288269,0.00319015793269873,0.717855179805308,1.15521229999885,1.75276866419784,1.23301745871408,0.143566790418428
182,2.88950389099186,58.7213729858306,0.892949087659054,5.50038066722454,1.83759840375656,49.8344861290018,0.439366681039263,4.72046147223259,2.61532993167561,0.547539293147779,0.0707419030669921,0.0732787843531696,0.00380904177519307,0.11283786269743,0.65643450337206,0.717216020847826,1.98020398088126,0.19770638927146
183,3.57707094432037,48.898986509709,0.601236166187765,9.91488218644524,2.5902486218807,45.4981310449128,0.166453388541363,3.80364806038095,0.720749793978175,1.52694679077001,0.0953230314036831,0.0385464141289121,0.00253669868321717,0.49466777825177,0.761179018622497,0.880269166617654,1.65509789256565,0.146095434927304
184,3.58982431986925,48.7167954304393,2.42369921479542,6.29961058025822,1.28261485099933,46.0182608416765,0.123287870874202,4.30620634689578,1.95746510803544,0.351941414516264,0.115443626041346,0.0196345900708693,0.00341958036273718,0.678038822890958,0.112399911344595,1.39149493150568,0.397885836958885,0.161222840251052
185,3.31533605011695,52.6380564269008,1.88124650258804,10.0554261568506,2.77690921182176,47.8748228030375,0.386921474555763,0.864296425198748,2.81090850379473,1.22229424767165,0.0748496448860969,0.0773404817624832,0.00410509514649957,0.552606437396413,0.847625455637307,1.84142606703471,0.845859964051284,0.132622237960342
186,3.54938768387737,49.2944616588947,0.817529646968175,3.36257857447207,1.74946979528578,46.9610717973715,0.349646191679779,4.36056994469355,1.99900386165439,0.903777802178015,0.0911549715669282,0.0755369012468727,0.00458825702933222,0.933540299857113,0.936699904429493,0.751230964429521,1.845833552795,0.362434626833497
187,5.66346392044055,19.093372565135,1.01404964864043,3.2564922030935,1.27727712491874,32.8656889016734,0.085143335075009,0.573919741584221,2.10805471460024,0.970408266806044,0.0814897139137068,0.0219319532416412,0.000858387682139874,1.08542148667458,0.208862580011366,1.56617685533672,1.47597334754607,0.381661027907472
188,4.93586613055596,29.4876267063435,0.607906029640554,7.88016420724958,2.54134894370588,36.839820055937,0.492555236130961,1.57895312395568,0.833076265219521,0.702481937180273,0.0510775190719326,0.0704013253521407,0.00105988006257266,0.843701483993248,0.925266883255293,1.54725487066324,1.71582096302789,0.14511180296191
189,3.76425954059487,46.2248637057876,2.17529814124232,7.32533243580554,1.31961049722659,44.172132519068,0.064854595106227,3.12719742965753,1.46089373535515,1.59659457720537,0.0761834683353935,0.0221508983611129,0.00224821286796778,0.54951022550681,0.123074673865767,1.57262804083992,0.390317407999653,0.201270211628871
190,4.14621140780955,40.7684084598636,0.999729848349443,4.28538870413016,2.06380547482679,41.0336201472281,0.257698192249991,2.380659712125,2.45200936381821,0.361144889404532,0.0435665706480853,0.0332940610385849,0.00127163922749832,0.533879717729054,1.11861559459567,2.1207873739074,1.6602014506855,0.237731562632757
191,3.18237461260157,54.5375055342634,3.47522876571587,16.2960071800398,2.25630461536476,46.3261485465815,0.183287731974533,2.94597014691324,2.93605068467286,0.754337823874317,0.0357608938991092,0.0356638802120578,0.00165952366087586,0.106816355485236,0.355944439289548,2.1598413031421,0.24926899087755,0.0714140635952742
192,3.4203549299052,51.1377867156399,1.38430685071274,18.9975498935663,4.35629236022199,46.3251794486205,0.291051514948439,1.50122380906444,1.03283868188776,0.768669291383742,0.0153528682446185,0.0186257180245011,0.00359837491215393,0.484360948683539,0.883451241764861,1.07944363253812,0.650546412810218,0.061502602588463
193,3.89039262848483,44.4229624502168,1.26084920191037,7.75703793793791,2.30406991358749,40.8643991898355,0.0450176902718687,4.68333651039478,3.4852845880948,1.33926240139905,0.107876779305019,0.0431938471085741,0.000297828224305064,0.251434256788188,0.779973708581723,2.30497170978459,1.63624952349858,0.177853254301978
194,3.48201876190953,50.2568748298639,1.43630774679732,18.7662766959227,5.27184530991957,44.5193079733212,0.234051685731004,4.45962472173952,2.60956360273024,2.19771141656954,0.0519988874750755,0.0335572021399857,0.00136543300169334,0.228700467126987,1.14949551903208,1.00496772444714,1.12427135108411,0.090351780041315
195,3.91691316885866,44.0440975877335,0.843901075702383,26.2154422900254,4.07052662756143,40.8703930124493,0.137980803217444,2.84618147747467,1.81444352791916,2.28662588458881,0.0700890412984416,0.0244645768023911,0.000405842900581658,0.274294282657638,0.583200317316921,1.81198870932668,1.67763908195728,0.0659294086633405
196,3.73276023361697,46.6748538054719,1.29928605217211,11.69728249984,1.87395030978866,44.550387980329,0.465480930522239,0.889672203893152,1.64540955371146,1.59873773123153,0.0225927880761291,0.0776988282310776,0.00273937172016874,0.610914212620662,0.324926761429136,1.66095698967871,0.924271821887698,0.125759814683542
197,2.9331479802512,58.0978859964114,1.40915469116942,4.81414035592837,2.2424079294783,49.6643143284435,0.488065860001471,0.318504240841682,3.29335730018831,1.40161766966945,0.0615288380973119,0.0253031974450569,0.00422341654713079,0.167070200010048,1.18978530904651,0.67158076296219,1.35698628402781,0.289069746197357
198,4.84837883196426,30.7374452576534,1.43612329868226,6.35589536890946,1.39612892327057,38.2286505349468,0.307016757650479,4.00975583801597,2.7015611936315,1.30256264545427,0.0124537258000191,0.0624456399135524,0.00218246847547963,1.16845893988479,0.20481052521298,1.21359478480928,1.15371356081683,0.214857670532966
199,3.34236121342975,52.2519826652893,1.73505397691189,4.80507171818723,1.78005051543374,47.5311203220533,0.440752718172292,0.398999999946992,1.31794990155768,1.01756966557276,0.026504741311764,0.0358874325196957,0.00453251484488323,0.628463576085943,0.688785597765663,0.409142835807676,0.546492230250966,0.261125674335791
200,3.85035185710831,44.9949734698813,1.03902160472861,7.44700657026204,2.16527797492154,42.5529804194873,0.360748160695393,2.31779471290057,1.79875352370708,1.20265674775777,0.0502104028583892,0.0600783570538624,0.00125503081941232,0.399470651130502,0.714972352797631,0.456540369195243,1.29629576423811,0.178365619814722
201,3.54938261557753,49.2945340631781,2.61701246607823,4.93701878951954,1.90200162599655,46.7142865081972,0.349868756364612,2.55955586833468,3.62925753215871,1.89648302741488,0.0344812515589797,0.0482161220681155,0.00472706686808541,0.907263566159022,0.799565217848013,1.39468789841095,0.626680973975454,0.320799641629254
202,3.60625895403571,48.4820149423471,1.16809806014975,5.39150270566631,1.45294101367701,46.089253706147,0.062069483738152,4.0825750056194,2.80055552479617,1.37291749710729,0.0378981676363231,0.0545823737685569,0.00387767884736881,0.795297090111766,0.296555819187546,0.412986860315626,1.51757589904498,0.258179965070565
203,3.71305146365314,46.9564076620981,1.60588292636173,29.0909812361952,1.92618476354531,44.6769273757256,0.279776455940151,4.79241981189131,2.59499278305564,2.19186677405766,0.043027324903151,0.0404054594265181,0.00256819016893953,0.573867137847468,0.140041557218879,1.62146031860464,0.977360125463456,0.0582087674055947
204,3.28241258406393,53.1083916562296,1.70540648305886,7.19380077645743,1.62790622350592,47.9389683326534,0.42159300095023,3.54241512804773,2.91654304644093,2.39486544611196,0.0981990632072401,0.0110356844795751,0.0045450273754485,0.565333154979472,0.349460546247428,2.03377486746774,0.994519405520055,0.245688740217282
205,3.56942743106059,49.0081795562773,0.754322953328487,6.6804563584511,1.97627092127176,46.3377646111414,0.48243052087333,4.37265388308318,1.04896074952596,2.00209222328616,0.0648548973733404,0.00698087593045784,0.00483129515788704,0.921701324588852,0.64904202431712,1.16886025527911,1.4483296812023,0.242936196626203
206,4.7281578006679,32.4548885618871,1.70624321936841,4.39264067143632,1.69595037729552,38.789790305646,0.294832767007624,1.8189713023485,3.76032545353325,1.72084236701361,0.0367860471100702,0.0488177818742697,0.00179203485282883,0.982368077339449,0.653324660019871,1.73778058759061,1.2210290443846,0.345788667355392
207,3.76898577661213,46.1573460483981,3.42289830790507,7.43461512289125,1.71252747731109,43.4850709447852,0.435495631561444,3.51043596019759,2.95633933340316,1.70794269500859,0.109746644670516,0.0465740534895449,0.0015580527315028,0.416012608333801,0.39766936922314,2.28278924109352,0.264303610248491,0.203710112563528
208,5.7022522803551,18.5392531377843,1.32307992299958,5.58380866357589,1.53090730875653,31.8974005579193,0.345588445253274,4.94536565707321,3.89965853897079,1.81822192418762,0.0218150818214752,0.00571882604999701,0.000484659387584776,0.93790741295903,0.359368550338472,1.2700609408156,1.69043161591934,0.278590934137154
209,3.8706691092192,44.7047270111543,1.65163930896011,3.91784266998923,1.92278018417574,45.0960242145845,0.455031862616586,0.594402484461122,2.30450174203569,1.58587590389761,0.0836224192258126,0.079413828437333,0.0040513703960143,1.11856500536413,1.03529945046268,0.599820585950433,0.858523740368895,0.373778753533571
210,4.04033176395156,42.280974800692,2.15384718784654,5.24417062624174,1.91299644769672,43.7749201268402,0.331183679557925,0.527962165034221,2.99174443470469,1.7835680973342,0.0620425981304764,0.0328494189616176,0.00347713850848749,1.07616488044352,0.76369967853697,0.777144141851459,0.721971724535339,0.293261222719875
211,3.72660317114504,46.7628118407851,0.9667350665024,5.17673106480711,2.31796787988114,45.8154834961574,0.160747196814705,4.89964558445701,2.88371186757965,1.97611543433058,0.0411012744070186,0.0439193579045241,0.00457069312860072,1.08752499414592,1.18278734883565,0.541425275706686,1.93396850403072,0.311803151883767
212,3.56307412141684,49.0989411226166,1.74289153813349,8.37602648969953,2.61970062644164,46.0751831769992,0.290258549310461,0.176028467632985,1.47771779844925,0.526439972768227,0.0483926339651303,0.0532030180196161,0.00335438803938404,0.627292651402764,0.919413791940625,0.95614223669221,0.582868370061275,0.128213927687068
213,4.21007369299976,39.8560901000035,2.57538179711958,9.6903674641635,1.73565884493058,42.6761051988846,0.133665715590585,2.51492428777444,2.38635921333024,0.70625513028012,0.0421000499720375,0.028214726523147,0.00328629877538234,1.14240011043233,0.31758297818612,1.04946965302217,0.422992595241405,0.118271496409628
214,3.47474540901526,50.3607798712105,0.985170105272487,11.79446466196,2.39828174537798,45.5297605047937,0.35931240355346,0.256527645047676,2.58783200037316,1.99368086448576,0.0173604415062349,0.0276392800975009,0.00261394483898208,0.389449719650283,0.554752904506943,1.03611089667647,1.73552227083454,0.13630854372459
215,3.2216145050041,53.9769356427985,1.13716135560555,4.08696690181222,1.52348361261934,47.3534333056487,0.283781987550436,2.24211528065622,1.54691380370913,1.11353520400263,0.054780248677164,0.0191664586391998,0.00290452998787537,0.277825438684629,0.481486476713714,1.60518411885249,1.05777942352928,0.317026545633795
216,5.32566308747729,23.9190987503244,2.04025335415245,8.03109468854641,2.21574495204038,35.4907195881797,0.328078756859899,2.67731850787764,3.35251151164606,2.30666698753694,0.09799768113095,0.0553769436409348,0.00140813769381493,1.15910458486907,0.695838651627535,1.54025845923942,0.871377937835641,0.216026365752604
217,4.22507014581065,39.6418550598478,0.899228122078478,3.53062980135852,1.69143565466574,41.8570069726402,0.0976499709548273,4.47079425287573,1.69983124469407,0.74652103888647,0.0718563903844139,0.0424632138081361,0.0021630204622224,0.822462763747355,0.806147524389749,1.86929089410696,1.49626339224773,0.328859088227424
218,3.50153280750541,49.9781027499228,0.880134485136861,26.2478108704548,3.91992088484455,45.0585185023563,0.0845042321107428,0.158274978888687,2.18766759610851,2.35184285270733,0.0896746203478659,0.0269838908848469,0.00180600879535079,0.308928780302173,0.552472215656657,1.90796019558764,1.78452302893484,0.0665677807157238
219,4.4700785851488,36.1417344978743,0.599384310397814,8.33885983308185,2.67874906517538,40.2750579247536,0.101877964603575,0.553604353653733,0.996577060958371,2.29274081193532,0.0246312140660205,0.0788059446375701,0.00205323126065359,0.918790021554645,0.960545898504089,0.849362494918828,1.87188191712042,0.207360493169787
220,3.76876488086418,46.1605017019402,1.97808402603459,8.29839593478789,2.64116721324326,45.400941369856,0.156710841477313,1.34887214981113,3.0470566549125,1.19771386101174,0.0722641330389073,0.048447986826417,0.00379745463575423,0.926544472729399,0.941543954598252,0.83109863090748,0.841188227983192,0.159878556208064
221,2.98887733532733,57.3017523524667,3.44351193196224,18.7262080051673,4.02282409202602,48.830831701501,0.189902976378659,2.91361615287854,2.74178508973952,1.48363957484144,0.108274781785052,0.0291949357028352,0.00304076665021107,0.117791627732338,0.803118816000875,1.68182955762527,0.230850803681649,0.0764914915251623
222,3.27299114594475,53.2429836293607,2.35464457652024,3.19942365534165,1.3721374329545,47.1356444786118,0.381017703991647,0.465681641758264,3.59850512832287,0.716042103012403,0.0622688684094387,0.00812125757272588,0.00329627174190059,0.346396670155382,0.367653334183541,2.34330069778363,0.738467786932364,0.358245131101964
223,5.11858612071605,26.8773411326279,2.50597441542287,3.0903517288782,1.54716579551701,36.2387254553169,0.48060374036228,4.86215600279975,1.84918408690214,0.779014659150814,0.0970814820015648,0.0401109872600646,0.00122909197628498,0.989284013676923,0.676841115206402,1.72162687978381,0.349145908279344,0.3794622647155
224,3.90914009535021,44.155141494997,0.732973041245239,5.90909770448475,1.5748700572029,43.2531730718076,0.41407604121721,0.183070732842199,1.28051893671586,0.774062033672507,0.0737871587100128,0.0535877786164638,0.00197161126404628,0.592823187357513,0.378496093823885,0.568171999474367,1.6256430800478,0.196445407819352
225,2.96838894813535,57.5944435980664,2.19004539031078,5.32825044125871,2.06883583792802,49.1576727666772,0.37427009198297,2.71124830648939,3.02241471255703,1.09531704625192,0.111281070177304,0.0314647306150291,0.00334383812052757,0.133097033174786,0.90461427920886,2.14495394259489,0.712363329727668,0.241899008555221
226,4.1081286248923,41.3124482158243,1.67084798992371,3.59665443276092,1.58145810584618,42.1126529034278,0.299397950820687,0.625918805830491,1.07512882063049,0.430148832362766,0.053113368257756,0.0633397319478099,0.00189121887963638,0.672843035636082,0.631427326709342,1.77234341384579,0.510967558614444,0.28995994230938
227,3.98457681230439,43.0774741099373,1.78812246861364,7.08897777500572,1.46974078979324,43.5344233618506,0.109856337714847,1.13775300462932,3.83960961294593,2.48867061410146,0.0730330563542433,0.0180837189758895,0.00283049844382703,0.835769092615616,0.237939006744496,1.45531228669562,1.17733967289422,0.254231704159717
228,3.45245768985442,50.6791758592226,1.38005882676407,4.66837618022955,1.32688581713288,46.292488968883,0.391701381685003,4.75805949195893,3.85346681821432,1.94822761608101,0.0758696873984688,0.0411988836207311,0.0027759580332078,0.448963293955196,0.20127187427273,1.34210380419142,1.59466466430854,0.343452242759677
229,4.85813619556533,30.5980543490667,0.973814556355339,3.484241760552,1.85853536928329,38.4301164525707,0.224732501826358,2.75855956317135,1.83648416017337,0.950534982921711,0.084745662578661,0.0717796997303958,0.00186859490095824,1.10689597675856,1.06770432048384,0.976547318021767,1.42184593918687,0.354719614975426
230,3.69140137786729,47.2656946018958,2.12987302513532,5.27275780485474,1.30510451082374,46.1315330227321,0.499923292488558,2.21970774631202,0.84468780443732,0.900916636422587,0.0404559580429224,0.0617983084435109,0.00484962658335641,1.12828193661128,0.156596722657715,1.67123815100097,0.274406631716527,0.230784783682708
231,3.77611227395457,46.0555389435062,0.977491609130037,4.89223375556176,1.95441467078153,44.5583890629388,0.226646806055447,4.17217466537639,1.10883786212187,0.313376298020904,0.103860467536383,0.0509891530992463,0.00255213497733697,0.635220875018121,0.862916397522514,1.53557325463494,1.07282178017218,0.204681600459425
232,3.24080180094179,53.7028314151173,1.12520097875047,3.77127579494144,1.48330188680289,48.5341351043291,0.431801150938123,3.45581564285466,0.572504935225394,1.35616820249505,0.106281275288148,0.0533100217073807,0.00466668834502995,0.599187159804317,0.466067443366706,0.615420709015957,0.67356269123964,0.367250720355272
233,4.228861857058,39.5876877563143,1.44888256308869,11.2408664564172,2.02371673954834,41.9879568889482,0.0504419035048845,2.57664191883267,1.13386230068087,2.45330198535603,0.0554020888972717,0.0768987911014119,0.00232076184285432,0.865108831051426,0.407801174901503,1.92242618553651,0.643542994859628,0.159250707219549
234,5.30018749592256,24.2830357725348,0.818213487875576,5.83091924915019,2.03511876603449,34.9875161313376,0.11275209931406,3.49023010354458,0.617069816977018,2.31385927258696,0.088212384702242,0.0740065631614416,0.00099858265208453,0.995810716775867,0.796387490194989,0.3022131255342,1.06668996327138,0.298166117618869
235,3.67155655531196,47.549192066972,2.0197431828975,21.4984190213105,3.44293224032846,45.2075458596962,0.200518805861877,2.20606510422456,2.20973817721475,2.48060340876381,0.107337628926841,0.0079320595068275,0.0032486676921621,0.66279588238926,0.558484584611375,2.22815785178309,0.62439840287203,0.0836961251532969
236,3.6997606492027,47.1462764399614,1.12169513324158,4.21025277493437,1.70978698724784,45.9552202792528,0.429335442784506,1.38350138700078,3.58001893512245,1.64383942942865,0.11011420780619,0.0396388266154099,0.00409243739362806,0.966435800695404,0.698814560689187,0.386023871419796,1.90726933568344,0.353742852714572
237,3.61748126223057,48.321696253849,0.970964914005819,3.5536253829721,1.72409931164785,46.7574353218773,0.209575359452205,3.98609881173827,1.23358746878686,0.588328482493137,0.101930269555266,0.054350196673302,0.00495581348291412,1.10368726431377,0.849003221998302,1.18675857918399,1.14126798091736,0.310289061937753
238,5.1117740590203,26.97465629971,1.51079586099631,5.02188023173194,2.0036302797635,35.6916494115032,0.0631138084945657,4.65434153405771,3.26462671575253,1.42440431519241,0.0454407406750368,0.0611623298350023,0.000903320892307907,0.861565953551171,0.891894301831722,1.47506872161524,1.25741458640201,0.280963792248474
239,3.69568387050844,47.2045161355937,0.583175023883929,8.30694173641002,1.45137621144947,46.2124355240936,0.297955493017868,1.45236400682898,0.938208615555971,1.90589078319306,0.0899928547471141,0.0748582479747129,0.00455454120545089,1.09711974506041,0.191490158033557,1.08954349325784,1.88768310416397,0.190998347477172
240,3.7220337134243,46.8280898082243,1.56324816688348,5.35353459779103,1.83529284490367,44.3636819919248,0.0345717570393036,3.72371964512308,0.569523152340747,0.986265837249036,0.0313791273834572,0.0107939836744335,0.00267744233726338,0.572742235305331,0.672187974713199,1.68617621551439,0.413408836745657,0.233398541077739
241,3.61133621473503,48.4094826466425,0.998989538709025,14.44831095517,3.94130956038784,45.6898294177228,0.201877763513134,4.02494973341337,1.5518032865886,2.42548936433469,0.11710461181219,0.0250226813462796,0.00302061479587108,0.603181708857417,1.01140188954747,2.18049740394655,1.24742365242727,0.123163856732581
242,3.25206108831112,53.5419844526983,2.1468392680877,5.16207607592202,1.53349656681914,45.8372419813462,0.396207648773988,0.730420878327529,3.44794515438805,1.11627551874518,0.111887679897427,0.0123668658340466,0.00151895697680488,0.138336775435135,0.39135166060164,0.840540088218947,0.823659679980483,0.250693179487522
243,4.5182533286184,35.4535238768801,0.670119081674811,23.8839617020373,5.22781582243096,40.1931471703981,0.285383558604618,1.23891174967905,0.650629314637432,2.07035629566945,0.016875801292543,0.0761416629721643,0.00237310097856447,1.03154940407545,0.893548441316311,1.40666804573204,1.39916957533732,0.0689521279121206
244,3.57387341693106,48.9446654724135,1.78348233987875,17.3641629939145,4.28733524345696,46.2640318938856,0.461630860371818,1.53177782582717,2.34333404121067,2.3797811518788,0.0678896830078137,0.0746822507069446,0.00356301429292932,0.688781108893144,0.94578490935817,0.739739545644416,0.793373922986444,0.101347482277585
245,3.52708434058995,49.6130808487149,1.01232422757257,4.46187191947531,1.47850334335051,46.8392044666142,0.365441251199281,1.35915662999808,2.28745681577246,0.800002528710136,0.0318607573727922,0.0687253152737394,0.00475207172197476,0.902873737579367,0.388306190090487,1.22621237011316,1.55906930080848,0.264361833504944
246,3.47158376100385,50.4059462713736,1.7104910811996,4.60425914243777,1.87895965144987,46.1358997397629,0.312630442561496,4.26411627921408,3.38999532313358,1.97092991085816,0.0773716828768064,0.0054390659321798,0.00351067444034666,0.532018478317807,0.831178015548581,1.41611816450177,1.11880132099055,0.35007014715722
247,3.84891415217848,45.015512111736,2.3567646110432,3.93857828656338,1.78255500114616,45.011962735551,0.249292836730757,1.17540096396154,0.972651259009726,1.14524449974547,0.0838286397451612,0.0255135321358684,0.00393024506133422,1.04103578929665,0.843645197387629,0.792917852576667,0.22958569883462,0.331796184919348
248,4.9252995365158,29.6385780497742,0.577038606764164,17.0622853033244,4.51565688817244,36.2256522418554,0.157773215916093,1.30876367796282,0.664705613031207,0.391929599050432,0.0625031592169932,0.0779326119060861,0.000636380343586207,0.704023062847399,1.03250445130638,1.36990778129486,1.69433825380914,0.0603709441075722
249,3.80812278939174,45.5982458658324,1.22277603462029,19.1302392208135,5.15642638603596,44.542984535003,0.419304290607641,4.19227398018919,3.51512433842717,2.04434073520995,0.0565974174081581,0.0341728189404239,0.00292469041366503,0.721171345476837,1.09607150004455,2.05594530622816,1.70542018587142,0.0856541124610618
250,4.47333972286967,36.0951468161476,1.08119377726761,5.59228149348103,2.1669462031447,41.0810927981405,0.0297302759043096,3.83333959161731,3.39483954982638,2.21389772471972,0.0468738529179012,0.0782410207680659,0.00271857133825868,1.1620485157695,0.953658832922423,1.31803917494401,1.91576090736873,0.304350183968665
251,3.42438239481269,51.0802515026759,1.79375502615306,3.95111782688943,1.46027657608743,46.2684381658332,0.450591881240384,2.6189328040989,2.96292916613126,1.77560105899489,0.0135337678064592,0.0416673100810149,0.00340855886044353,0.478255325306905,0.414375517175145,0.873516702857024,0.947458157769404,0.389505749230972
252,3.26288264332265,53.3873908096764,1.36934921431308,4.90997799477463,2.12378155099909,46.9338635313186,0.485310680084435,4.81034336936606,1.37952926803846,1.43387170735995,0.0195388447809809,0.0232100538248778,0.0030516843014434,0.298211918789738,1.04020374778883,0.945076729410018,0.777261894622818,0.287942294478494
253,3.01088285732442,56.9873877525082,1.07994398118359,9.75221954653403,1.77232207856728,49.1833068294435,0.192547729300521,2.86458949471327,1.71289856941594,2.15298227527396,0.071478358685784,0.0503817762931576,0.00378174286641926,0.216710962951106,0.335230811335534,1.48471494714807,1.20023357475363,0.172159119387429
254,4.17426631241635,40.3676241083379,1.2653348157923,4.75925495715075,2.22726576819161,42.0371737003631,0.37817200908896,4.59274673217582,3.14037997054208,0.876785853274167,0.100821918952108,0.0476760605549207,0.00203369497833401,0.754311829078089,1.18686643571282,1.99298706581645,1.50298919205042,0.253981384986585
255,3.49562885772532,50.0624448896383,0.53588942083496,12.3984896391769,2.22552926317876,46.7708473959478,0.452485717982062,4.06283738645034,0.817284956293103,0.553522004874423,0.0561746558455207,0.0331643757334677,0.00401124958823621,0.713899744657101,0.454855245319971,1.29781024697345,1.98362810827466,0.0878808199117193
256,3.36524937652826,51.9250089067391,3.53244446729482,12.192379871836,2.4134537127749,47.87137284475,0.126216082602957,4.48827592552958,3.27223265455221,1.32622638508289,0.0865651914702961,0.0319405987851205,0.00481868535248563,0.733935463132104,0.543155888138805,1.87034969511566,0.27985222984897,0.112748825884579
257,5.32896403276089,23.8719423891302,3.9669909514132,31.6002799312704,4.75563817606887,34.9521777781375,0.10334076371737,4.69894848077085,3.91237569195063,2.46722977727931,0.0563986451145882,0.0167235066725989,0.00117702564392239,1.04423029874917,0.597209508962774,2.02158174420831,0.257650115162134,0.0568102568186975
258,4.39756067206961,37.1777046847198,0.979692284897292,8.55785601512883,1.35504128117539,41.1173687628591,0.0319531549575273,4.55726802667797,2.69221143576045,1.63957079993576,0.0508463601088539,0.0199902235405752,0.00247992228561267,1.01997197685282,0.127002125138106,1.88704706364001,1.81468142597517,0.174147075175618
259,4.01428894210129,42.6530151128387,1.72665046793249,4.66322523990126,1.38229419381207,43.1752660877568,0.218640571442309,1.15320189369773,3.68170796085343,1.56226374560222,0.012743588802102,0.0676835330930189,0.00315555140012503,0.911789138079,0.263636983072928,0.57915266772313,1.18302045864519,0.313164184975205
260,4.17761613354529,40.3197695207815,1.45664225994726,24.3751951521911,4.23179283505758,42.7020727376065,0.0891644485776701,1.73099121785754,2.87514200322175,2.07500976189661,0.0424551990691728,0.0414718968187226,0.00300807656399533,1.0261219400748,0.661831686951686,0.529579995045283,1.18923103656434,0.067707092217713
261,3.60159980235537,48.5485742520662,2.0173460328603,9.4788123771364,2.23356700155742,45.0625659801155,0.154979913911852,3.73693608874579,0.947070375052281,0.464687252571185,0.0505124555709772,0.0711930623317603,0.00228524065537006,0.457007692338123,0.599395282034452,0.34835699286436,0.337642682172358,0.111526775969658
262,4.50705164027555,35.6135479960636,2.12789848415699,33.0458810264689,8.09228848122207,39.641714616041,0.458491370920177,0.697202418630399,2.31539888713315,2.4053677025442,0.0607171947953058,0.00940926454967121,0.00170670126266405,0.812272527531255,1.09915873411569,0.741870515305083,0.590498240293004,0.0534167183712513
263,3.60083604355079,48.5594850921316,2.22362628072611,4.78717155875921,1.2471736904889,43.0592843392297,0.334052172491715,2.72764582809441,1.91583383016482,2.17857146795203,0.0147757566733441,0.0154922835091711,0.00097861004864797,0.222336484102687,0.109191491226278,2.21683347662973,0.465959384815767,0.352561668639809
264,4.49838253920576,35.7373922970605,1.67847696504734,4.89821026075961,1.32942027226805,39.4868682443265,0.301408304766185,3.60819954022734,1.76690189769569,1.36781612072932,0.0255542215557459,0.0209132620962919,0.00157145207821578,0.776620078854806,0.194533916111259,2.42122909524695,0.698716518408153,0.283694563292898
265,5.41468629377795,22.6473386603149,0.53482967373406,3.21247548205387,1.5528647299368,33.8110042118212,0.172119410289607,2.87831640582462,0.557416071067564,0.504794132289632,0.078237276221936,0.044712825305236,0.000654859213765711,0.915518109792921,0.660388709398995,0.511151590032658,1.76504741061991,0.333651866642875
266,3.26258484801326,53.3916450283821,0.911061374914129,12.4832386257012,3.6488493897005,47.1981401728908,0.0481296314148388,0.616508427019231,1.60798930518523,1.62321216090831,0.0415171259890311,0.00964244021085324,0.00338529891615734,0.339877594905517,1.04808397086927,2.10494571294403,1.42575100754434,0.118856085157022
267,5.3866890607515,23.0472991321215,1.25649911132699,9.10169442478777,3.04390285119693,34.4792305853898,0.311841497036962,1.94948307859618,2.65283604547149,1.02226528740938,0.0276682726940295,0.0148568662139587,0.00114688634478673,1.05343476095408,1.08986430974266,1.98541297119716,1.33594124661619,0.138642511948633
268,6.15631265434759,12.052676366463,1.3503613591405,3.40444331067074,1.49119213590076,29.8839321183017,0.214464823640309,1.96495060667636,1.35127759570722,1.15469846670392,0.0162667514179057,0.0119412540638586,0.000670656490880996,1.18235450265883,0.528407938273624,1.4896811589771,0.782038952432107,0.38506822192308
269,3.00961445565667,57.0055077763333,0.565938225590211,3.48068681162067,1.33810746472568,49.4409836070854,0.376548326068604,1.61393606524084,0.601370788454854,0.65589036983888,0.0418397007750347,0.0351845357632847,0.00472864246595651,0.321329667289741,0.286811797367797,0.353446054315194,1.68239733447228,0.323711380530847
270,3.54272661537727,49.3896197803248,0.788401998130204,15.4748244337149,1.73175183777063,43.5136458118566,0.174413784145137,1.09724255905114,0.679764081270744,2.41285819539148,0.0815422796106742,0.0237054247751948,0.000881833966802806,0.200285809306971,0.197550681407408,1.73393405319564,1.1554711937136,0.11461257717448
271,4.26622536570457,39.0539233470776,1.59056314193849,4.77204135184613,1.59946499931377,40.9576852750043,0.245150010376478,0.742070576604766,3.88743858723824,1.002607361857,0.11081263717832,0.0657425328851677,0.00151128017345071,0.66621308896776,0.49563735349779,1.9608036260847,1.35969829339627,0.262711043624867
272,2.89238835076661,58.6801664176199,0.992273438659824,6.10579171509145,1.43963982857895,50.1797316835055,0.115780658714101,3.84380058573233,0.698307796783047,2.21611298058384,0.080271241133792,0.0443510566085461,0.00460529841843247,0.173621314053501,0.250469779322467,2.19301616999585,0.861883676012978,0.278847896040883
273,3.24925542808916,53.5820653130121,1.00617263394934,7.28400895122138,2.7383130001285,47.8812159285712,0.337872157949038,3.05031779943671,3.20067188616299,2.24556340044954,0.0205782828974072,0.0201161165705416,0.00479184694468975,0.524061237044943,1.14241718350397,1.64405185193429,1.99004041015636,0.235112522269793
274,3.79672979775139,45.7610028892658,1.81273198054702,4.95662135169174,1.87448376607614,42.3037429546675,0.459274016057358,3.19582004014022,2.07123919164141,2.45844169529201,0.0241826395662269,0.00598737441009143,0.00120627863736078,0.334608029949712,0.767367492229367,1.47069071510776,0.707967265888583,0.361244347842371
275,3.15249991592025,54.964286915425,2.04679772289932,7.4862785141692,2.52631331467906,49.0258350147476,0.308105579713406,4.91766384784497,1.52526797998891,0.454668625594427,0.101074240706644,0.0392696698028594,0.00490553037973866,0.502606962972941,0.963445137944072,1.96852582141291,0.456630579824094,0.140707073273486
276,4.05101778855575,42.1283173063464,3.54046845352958,4.42339245156905,1.33947541504184,40.5269089436134,0.445116008777039,0.34952731444609,3.50829800344111,1.23845081448431,0.016050140773668,0.0100140072522918,0.000779137997046113,0.381786113584569,0.227304366880717,0.805247058684162,0.303131831077859,0.301603654189656
277,4.24081894908845,39.4168721558793,1.69714480501703,5.81731045847911,1.70021303787199,42.6938872868621,0.23218144870076,0.215801944496421,1.31559041397762,0.960522840902985,0.119090531250221,0.0514397579212673,0.00309558064720035,1.13477585006381,0.497156582704823,2.25307979488544,0.562674824361224,0.212164144035972
278,3.65149224175286,47.8358251178163,1.36164428727321,7.81180295591756,2.23236600345328,44.3542802940837,0.46997325458643,1.40466031441488,1.82664756617004,1.45345904569499,0.0118492223524566,0.0506341922409483,0.00238266821705923,0.467075219299799,0.726499916867663,0.331510015211844,0.932582643150818,0.181676370729886
279,4.67731373917518,33.1812322974974,1.65089655132335,20.4393228736968,2.28087678252779,38.5256979346815,0.310087136592933,2.39728162957914,2.84464138758718,1.14205862992862,0.0558088280083612,0.0581689793029218,0.00131774628265947,0.810650116030903,0.290077396852042,0.367863213038848,1.01396373143699,0.0639042087558191
280,4.7580366400401,32.0280479994272,2.30299447090235,5.24621736392387,1.24778892124542,38.3369573047906,0.0737851770527118,2.33334507247782,2.11872855247503,1.87199285776991,0.100376024932663,0.0391014754556236,0.00142918510821834,0.892760006081002,0.100250527500097,1.28379423360154,0.475240922074765,0.300362056650881
281,3.62692698276639,48.1867573890516,1.0094385372285,13.8040367035974,1.63339634006121,45.2010876805982,0.354961075292861,2.34392399771698,2.76059219573314,2.2631802972639,0.0102422642934369,0.078585690014821,0.00345751931112632,0.646483955147055,0.184197051421739,2.04791067102955,1.7814033200969,0.124500108947007
282,5.68140366463566,18.8370905052049,2.12873547785049,15.667911367559,4.41646820490337,31.8249209420248,0.169735300971917,0.268778497779664,1.89101724162426,2.2278559285972,0.0859791171731738,0.0673539235419012,0.00023885734487325,0.844875027891559,1.09128321641179,2.35149311381439,0.499054640919436,0.108543905852867
283,3.15765791517085,54.8906012118449,1.07884727835711,5.32978477024332,1.62868786720392,48.4437023846838,0.181765652528793,0.29291199704182,2.41132869186578,1.06493824870512,0.0437444549262291,0.0150732750096358,0.00449596932863817,0.427856603949796,0.472446384614799,0.320221463857529,1.49353710491909,0.239200605566575
284,5.62615573497971,19.6263466431471,0.885755642145225,7.6508361857535,2.86803441631471,33.1871920060043,0.473740281781019,4.13051583933031,1.449012849029,1.86264714722785,0.0532715083330016,0.0693062201821013,0.000929654335699976,1.09184111319785,1.1763184805975,1.2517990973792,1.39256168996636,0.205408066395787
285,3.7346629239443,46.6476725150815,1.12727992067706,5.14291909421552,1.65042497855714,44.8201012623733,0.292910188085718,3.20845674801587,0.916703137156631,1.46622075661132,0.038246801400239,0.0772438411418116,0.00285212878376618,0.656348983627666,0.51171768204829,2.20210275497536,0.812450452488382,0.277231045183648
286,3.15994463166647,54.8579338333362,1.0635777719776,18.3853860354923,3.66547204026877,48.3616965564547,0.370223200619198,0.720620459885259,3.18569624871481,2.25623483417975,0.0538905629922093,0.0184603241881123,0.00408290586764738,0.364927078831165,0.716352582707846,1.13497463485614,1.85390096910251,0.0931261127311736
287,3.03087916266001,56.7017262477141,2.51306245319211,6.00185715733597,2.07555854796075,48.2065006822143,0.353757157153302,2.43004567363199,1.14389047879532,2.02325725907615,0.108787014288704,0.0699037849085289,0.00243415764402226,0.110461013909973,0.808944811340654,0.69317557147316,0.217542210182175,0.271643847823919
288,4.48937333940993,35.8660951512867,1.57905026909415,3.92596770516741,1.75842552802054,40.7457248810135,0.394982294073274,3.03601889311227,1.74730779486514,1.67831637796247,0.114666325972276,0.0572433164617396,0.00226992400032282,1.02796204427257,0.814210852356239,1.93261404838273,0.750039243826643,0.38297532145939
289,3.24619081289777,53.6258455300319,0.717151508442212,7.09919355176165,1.86030270886575,46.6394332195128,0.494479301880867,3.92974932590639,1.75997994128071,1.85669035849581,0.112818419708257,0.0169969769871677,0.00211862948612496,0.208776880893468,0.525324903480398,0.912317953099031,1.99710479290457,0.221045778312061
290,5.21985168049794,25.4306902786009,1.30850700439373,4.47901082550686,1.30139827595632,34.3983814085192,0.268145792040578,3.24108271065253,2.53217303500782,2.40100060127132,0.098587928941551,0.0143147832115064,0.0004409531343095,0.756785832957287,0.180020324724338,2.26300005874954,1.23080919052102,0.395201671386526
291,2.97649108748478,57.4786987502174,0.886261663671321,13.2296465674119,2.19856903829615,49.6800429269049,0.261066728436093,2.01325185966732,1.71557209965657,1.28675528987202,0.116384086353091,0.0346401314565446,0.0043421404068023,0.240711766360017,0.415620783387606,1.82929130312537,1.52984264483489,0.102755601393796
292,2.83361528962963,59.5197815767195,0.601603063705141,6.41925502586818,2.0468576413132,50.516969843088,0.287631847019789,1.74390972517904,1.04805635270624,2.34154622002381,0.044923819112964,0.0763667625465314,0.00497322407062724,0.129150553251539,0.732961293032858,0.576669236902768,1.90317895867117,0.27219585186212
293,4.12267613479378,41.1046266458031,1.80186506223831,3.21869125939378,1.75965828260037,42.8826429746102,0.417003776070227,1.51822387578408,3.95175186115783,0.629527008758392,0.0294434511468591,0.0173293734171893,0.00326813833158836,1.04774697584868,0.995128939022,0.434776706135677,1.19339358272403,0.346993665185291
294,3.03912078411586,56.5839887983448,1.48029008822074,4.18424794100157,1.49533155450756,49.4248823621837,0.0558895448670257,3.27233177507677,3.23328640249286,1.04417336980626,0.097529070811385,0.0597013167289551,0.00439926917932555,0.319394688961717,0.435104242326226,2.47773525977445,1.27828823859664,0.30371144933498
295,3.91093951359409,44.1294355200844,1.63006354795761,3.8846325934079,1.34069281212449,42.9356455867476,0.0405562482861103,1.91136811722831,1.66778709730327,0.614215576145953,0.0374442038604136,0.0637918876517797,0.00182369114029408,0.543000628516466,0.26046823813611,1.3505773022968,0.697968083436601,0.28633940969815
296,3.83997280316726,45.1432456690392,1.05948839306695,4.24239671298527,1.42271311687587,45.2327838661871,0.423734993352671,1.98724289910612,1.98919864192799,0.606049760182233,0.0968534429352575,0.0644933688596939,0.00399451600920036,1.07498300350752,0.339616895527657,1.61475187195279,1.34766404938791,0.261290168782269
297,3.76208872635817,46.2558753377404,1.98857333116909,3.99263419377237,1.5659216720624,45.3475815788839,0.129211319631827,3.58965690061861,1.53431179430181,1.62991000439459,0.0396912247413614,0.0578053907644935,0.00390970152352005,0.942962865418987,0.548452534996051,0.865839247084844,0.484733409869019,0.372315817963992
298,3.72848773823992,46.7358894537154,2.76156917563326,4.26884047320418,1.46006116399074,45.1699419228253,0.304276579094802,2.25976299209924,2.8532560985322,1.03042134766048,0.0312372137556939,0.0365930134583614,0.00352821510001645,0.799444246033983,0.383270327842329,0.922163162368039,0.438669979880564,0.29634122980483
299,4.44031493709876,36.5669294700178,0.900438730174368,9.24874454726551,2.28597393495966,39.3194368031275,0.389503662029468,4.92694988368211,2.1919241426435,1.77326807121405,0.0540985750513617,0.0449908318310627,0.00106889212369174,0.622977422137667,0.643940769409606,1.41127966059915,1.74483230678365,0.166396381587295
300,3.12434262146873,55.3665339790181,0.934788110090122,5.35668843250463,2.15292814569387,47.3453564111538,0.357618826975138,1.01714772199498,2.41851575209371,1.95574506630298,0.0131860493843133,0.0172376287578954,0.00298784294804558,0.164965403169238,0.981915276248318,2.38829160655368,1.7770484509035,0.29935372309216
