"hypothesis","chain","acceptance_rate","min_ess_bulk","max_rhat"
"H0",1,0.192833333333333,2617.78330809436,1.00236862661273
"H0",2,0.0955333333333333,2617.78330809436,1.00236862661273
"H0",3,0.185966666666667,2617.78330809436,1.00236862661273
"H0",4,0.173083333333333,2617.78330809436,1.00236862661273
"H1",1,0.158016666666667,464.796605060349,1.00730572788319
"H1",2,0.09905,464.796605060349,1.00730572788319
"H1",3,0.193333333333333,464.796605060349,1.00730572788319
"H1",4,0.170916666666667,464.796605060349,1.00730572788319
"H2",1,0.20775,1735.879495364,1.00400408426805
"H2",2,0.111616666666667,1735.879495364,1.00400408426805
"H2",3,0.19855,1735.879495364,1.00400408426805
"H2",4,0.146266666666667,1735.879495364,1.00400408426805
"H3",1,0.13785,660.12475612837,1.00700796245653
"H3",2,0.08505,660.12475612837,1.00700796245653
"H3",3,0.151666666666667,660.12475612837,1.00700796245653
"H3",4,0.119533333333333,660.12475612837,1.00700796245653
