"hypothesis","trial","n_per_arm","variant","rej_rate_null","crit_value","n_reps","definition"
"H0","final",50,"with_model_unc",0.0511,-1.00750712311113,10000,"no drug effect (H0); critical value = empirical 5% quantile from an independent seed; expected about 0.05"
"H0","final",50,"sampling_only (sigma_rel = 0)",0.0464,-0.572317591934386,10000,"no drug effect (H0); critical value = empirical 5% quantile from an independent seed; expected about 0.05"
"H0","final",100,"with_model_unc",0.0492,-0.926933593341326,10000,"no drug effect (H0); critical value = empirical 5% quantile from an independent seed; expected about 0.05"
"H0","final",100,"sampling_only (sigma_rel = 0)",0.0527,-0.383822524104463,10000,"no drug effect (H0); critical value = empirical 5% quantile from an independent seed; expected about 0.05"
"H0","final",150,"with_model_unc",0.0465,-0.91036530977306,10000,"no drug effect (H0); critical value = empirical 5% quantile from an independent seed; expected about 0.05"
"H0","final",150,"sampling_only (sigma_rel = 0)",0.0451,-0.323984661900018,10000,"no drug effect (H0); critical value = empirical 5% quantile from an independent seed; expected about 0.05"
"H0","final",200,"with_model_unc",0.0493,-0.922022909290077,10000,"no drug effect (H0); critical value = empirical 5% quantile from an independent seed; expected about 0.05"
"H0","final",200,"sampling_only (sigma_rel = 0)",0.0514,-0.273560201793952,10000,"no drug effect (H0); critical value = empirical 5% quantile from an independent seed; expected about 0.05"
"H0","final",300,"with_model_unc",0.0459,-0.902485365338314,10000,"no drug effect (H0); critical value = empirical 5% quantile from an independent seed; expected about 0.05"
"H0","final",300,"sampling_only (sigma_rel = 0)",0.0498,-0.224872279619773,10000,"no drug effect (H0); critical value = empirical 5% quantile from an independent seed; expected about 0.05"
"H0","final",500,"with_model_unc",0.0476,-0.87041140964621,10000,"no drug effect (H0); critical value = empirical 5% quantile from an independent seed; expected about 0.05"
"H0","final",500,"sampling_only (sigma_rel = 0)",0.0476,-0.173713500359326,10000,"no drug effect (H0); critical value = empirical 5% quantile from an independent seed; expected about 0.05"
"H0","innova",50,"with_model_unc",0.0516,-1.17427793709709,10000,"no drug effect (H0); critical value = empirical 5% quantile from an independent seed; expected about 0.05"
"H0","innova",50,"sampling_only (sigma_rel = 0)",0.0482,-0.668765824185856,10000,"no drug effect (H0); critical value = empirical 5% quantile from an independent seed; expected about 0.05"
"H0","innova",100,"with_model_unc",0.0504,-1.07382242657228,10000,"no drug effect (H0); critical value = empirical 5% quantile from an independent seed; expected about 0.05"
"H0","innova",100,"sampling_only (sigma_rel = 0)",0.053,-0.450166524890289,10000,"no drug effect (H0); critical value = empirical 5% quantile from an independent seed; expected about 0.05"
"H0","innova",150,"with_model_unc",0.0468,-1.06848098461592,10000,"no drug effect (H0); critical value = empirical 5% quantile from an independent seed; expected about 0.05"
"H0","innova",150,"sampling_only (sigma_rel = 0)",0.0471,-0.376553287207295,10000,"no drug effect (H0); critical value = empirical 5% quantile from an independent seed; expected about 0.05"
"H0","innova",200,"with_model_unc",0.0498,-1.07064977256389,10000,"no drug effect (H0); critical value = empirical 5% quantile from an independent seed; expected about 0.05"
"H0","innova",200,"sampling_only (sigma_rel = 0)",0.0499,-0.322352068161207,10000,"no drug effect (H0); critical value = empirical 5% quantile from an independent seed; expected about 0.05"
"H0","innova",300,"with_model_unc",0.0447,-1.06298502130664,10000,"no drug effect (H0); critical value = empirical 5% quantile from an independent seed; expected about 0.05"
"H0","innova",300,"sampling_only (sigma_rel = 0)",0.0516,-0.262334844654849,10000,"no drug effect (H0); critical value = empirical 5% quantile from an independent seed; expected about 0.05"
"H0","innova",500,"with_model_unc",0.0467,-1.01890624947261,10000,"no drug effect (H0); critical value = empirical 5% quantile from an independent seed; expected about 0.05"
"H0","innova",500,"sampling_only (sigma_rel = 0)",0.0497,-0.201801402441976,10000,"no drug effect (H0); critical value = empirical 5% quantile from an independent seed; expected about 0.05"
