"hypothesis","best_is_H0","trial","n_per_arm","rej_rate_with_model_unc","rej_rate_sampling_only","crit_diff_with_model_unc","crit_diff_sampling_only","mean_diff_with_model_unc","sd_diff_with_model_unc","sd_diff_sampling_only","n_reps","definition"
"H2",FALSE,"final",50,0.037,0.0418,-1.00750712311113,-0.572317591934386,-0.0142249503738958,0.562661631602486,0.335066295966618,10000,"rej_rate_with_model_unc: share of replicates (200 replicates x 50 posterior draws) whose simulated diff in NRS change (LDN minus placebo) is below the empirical 5% quantile of the H0 (no-drug) diff distribution at the same n, with model-structure uncertainty (arm-level sigma_rel as fitted) in both distributions; independent seeds | rej_rate_sampling_only: as rej_rate_with_model_unc but with sigma_rel = 0 in both distributions (sampling variability and between-subject variability only) | one-sided, nominal 0.05; under a no-drug hypothesis this is a type-I-error check, under a drug hypothesis it is power"
"H2",FALSE,"final",100,0.0381,0.0543,-0.926933593341326,-0.383822524104463,-0.00323731045547475,0.517272165988504,0.239934064786302,10000,"rej_rate_with_model_unc: share of replicates (200 replicates x 50 posterior draws) whose simulated diff in NRS change (LDN minus placebo) is below the empirical 5% quantile of the H0 (no-drug) diff distribution at the same n, with model-structure uncertainty (arm-level sigma_rel as fitted) in both distributions; independent seeds | rej_rate_sampling_only: as rej_rate_with_model_unc but with sigma_rel = 0 in both distributions (sampling variability and between-subject variability only) | one-sided, nominal 0.05; under a no-drug hypothesis this is a type-I-error check, under a drug hypothesis it is power"
"H2",FALSE,"final",150,0.038,0.0482,-0.91036530977306,-0.323984661900018,-0.00812281360190635,0.506244949048611,0.193539396252604,10000,"rej_rate_with_model_unc: share of replicates (200 replicates x 50 posterior draws) whose simulated diff in NRS change (LDN minus placebo) is below the empirical 5% quantile of the H0 (no-drug) diff distribution at the same n, with model-structure uncertainty (arm-level sigma_rel as fitted) in both distributions; independent seeds | rej_rate_sampling_only: as rej_rate_with_model_unc but with sigma_rel = 0 in both distributions (sampling variability and between-subject variability only) | one-sided, nominal 0.05; under a no-drug hypothesis this is a type-I-error check, under a drug hypothesis it is power"
"H2",FALSE,"final",200,0.0369,0.0488,-0.922022909290077,-0.273560201793952,-0.00697919586157605,0.49823566629036,0.166475219062445,10000,"rej_rate_with_model_unc: share of replicates (200 replicates x 50 posterior draws) whose simulated diff in NRS change (LDN minus placebo) is below the empirical 5% quantile of the H0 (no-drug) diff distribution at the same n, with model-structure uncertainty (arm-level sigma_rel as fitted) in both distributions; independent seeds | rej_rate_sampling_only: as rej_rate_with_model_unc but with sigma_rel = 0 in both distributions (sampling variability and between-subject variability only) | one-sided, nominal 0.05; under a no-drug hypothesis this is a type-I-error check, under a drug hypothesis it is power"
"H2",FALSE,"final",300,0.0324,0.0509,-0.902485365338314,-0.224872279619773,0.00616070882696348,0.474505733161112,0.136963029270371,10000,"rej_rate_with_model_unc: share of replicates (200 replicates x 50 posterior draws) whose simulated diff in NRS change (LDN minus placebo) is below the empirical 5% quantile of the H0 (no-drug) diff distribution at the same n, with model-structure uncertainty (arm-level sigma_rel as fitted) in both distributions; independent seeds | rej_rate_sampling_only: as rej_rate_with_model_unc but with sigma_rel = 0 in both distributions (sampling variability and between-subject variability only) | one-sided, nominal 0.05; under a no-drug hypothesis this is a type-I-error check, under a drug hypothesis it is power"
"H2",FALSE,"final",500,0.0363,0.0516,-0.87041140964621,-0.173713500359326,-0.00105318219888245,0.475493438192286,0.106739133083723,10000,"rej_rate_with_model_unc: share of replicates (200 replicates x 50 posterior draws) whose simulated diff in NRS change (LDN minus placebo) is below the empirical 5% quantile of the H0 (no-drug) diff distribution at the same n, with model-structure uncertainty (arm-level sigma_rel as fitted) in both distributions; independent seeds | rej_rate_sampling_only: as rej_rate_with_model_unc but with sigma_rel = 0 in both distributions (sampling variability and between-subject variability only) | one-sided, nominal 0.05; under a no-drug hypothesis this is a type-I-error check, under a drug hypothesis it is power"
"H2",FALSE,"innova",50,0.0372,0.0435,-1.17427793709709,-0.668765824185856,-0.016233818153394,0.657558053730175,0.393902245946184,10000,"rej_rate_with_model_unc: share of replicates (200 replicates x 50 posterior draws) whose simulated diff in NRS change (LDN minus placebo) is below the empirical 5% quantile of the H0 (no-drug) diff distribution at the same n, with model-structure uncertainty (arm-level sigma_rel as fitted) in both distributions; independent seeds | rej_rate_sampling_only: as rej_rate_with_model_unc but with sigma_rel = 0 in both distributions (sampling variability and between-subject variability only) | one-sided, nominal 0.05; under a no-drug hypothesis this is a type-I-error check, under a drug hypothesis it is power"
"H2",FALSE,"innova",100,0.0386,0.055,-1.07382242657228,-0.450166524890289,-0.00380515846569385,0.60299661616115,0.2816681970033,10000,"rej_rate_with_model_unc: share of replicates (200 replicates x 50 posterior draws) whose simulated diff in NRS change (LDN minus placebo) is below the empirical 5% quantile of the H0 (no-drug) diff distribution at the same n, with model-structure uncertainty (arm-level sigma_rel as fitted) in both distributions; independent seeds | rej_rate_sampling_only: as rej_rate_with_model_unc but with sigma_rel = 0 in both distributions (sampling variability and between-subject variability only) | one-sided, nominal 0.05; under a no-drug hypothesis this is a type-I-error check, under a drug hypothesis it is power"
"H2",FALSE,"innova",150,0.0387,0.0496,-1.06848098461592,-0.376553287207295,-0.00949123293074406,0.589941881431352,0.227228055608439,10000,"rej_rate_with_model_unc: share of replicates (200 replicates x 50 posterior draws) whose simulated diff in NRS change (LDN minus placebo) is below the empirical 5% quantile of the H0 (no-drug) diff distribution at the same n, with model-structure uncertainty (arm-level sigma_rel as fitted) in both distributions; independent seeds | rej_rate_sampling_only: as rej_rate_with_model_unc but with sigma_rel = 0 in both distributions (sampling variability and between-subject variability only) | one-sided, nominal 0.05; under a no-drug hypothesis this is a type-I-error check, under a drug hypothesis it is power"
"H2",FALSE,"innova",200,0.0378,0.048,-1.07064977256389,-0.322352068161207,-0.00833762475574568,0.581691214859759,0.195453082750636,10000,"rej_rate_with_model_unc: share of replicates (200 replicates x 50 posterior draws) whose simulated diff in NRS change (LDN minus placebo) is below the empirical 5% quantile of the H0 (no-drug) diff distribution at the same n, with model-structure uncertainty (arm-level sigma_rel as fitted) in both distributions; independent seeds | rej_rate_sampling_only: as rej_rate_with_model_unc but with sigma_rel = 0 in both distributions (sampling variability and between-subject variability only) | one-sided, nominal 0.05; under a no-drug hypothesis this is a type-I-error check, under a drug hypothesis it is power"
"H2",FALSE,"innova",300,0.032,0.0533,-1.06298502130664,-0.262334844654849,0.00710695968146804,0.553204363752917,0.160636466206481,10000,"rej_rate_with_model_unc: share of replicates (200 replicates x 50 posterior draws) whose simulated diff in NRS change (LDN minus placebo) is below the empirical 5% quantile of the H0 (no-drug) diff distribution at the same n, with model-structure uncertainty (arm-level sigma_rel as fitted) in both distributions; independent seeds | rej_rate_sampling_only: as rej_rate_with_model_unc but with sigma_rel = 0 in both distributions (sampling variability and between-subject variability only) | one-sided, nominal 0.05; under a no-drug hypothesis this is a type-I-error check, under a drug hypothesis it is power"
"H2",FALSE,"innova",500,0.036,0.0535,-1.01890624947261,-0.201801402441976,-0.00137855748657549,0.553339016709922,0.12524352658538,10000,"rej_rate_with_model_unc: share of replicates (200 replicates x 50 posterior draws) whose simulated diff in NRS change (LDN minus placebo) is below the empirical 5% quantile of the H0 (no-drug) diff distribution at the same n, with model-structure uncertainty (arm-level sigma_rel as fitted) in both distributions; independent seeds | rej_rate_sampling_only: as rej_rate_with_model_unc but with sigma_rel = 0 in both distributions (sampling variability and between-subject variability only) | one-sided, nominal 0.05; under a no-drug hypothesis this is a type-I-error check, under a drug hypothesis it is power"
