"dose_mg","mean_RO","peak_RO","trough_RO","stage"
0,0,0,0,"A"
0.75,0.594993671057981,0.743626845031722,0.418234408610906,"A"
1.5,0.740891161112465,0.853246663152636,0.58914140780447,"A"
2,0.790669744530639,0.885841091676918,0.656344314441964,"A"
3,0.848587283968676,0.92095880946564,0.741003192421467,"A"
3.88,0.878171112067121,0.937798856717829,0.787127187098398,"A"
4.5,0.892898317891095,0.945917325745617,0.810854032406195,"A"
5,0.902407314186413,0.95106790051489,0.826452015427483,"A"
5.4,0.908877470708991,0.954532057354695,0.837192072716375,"A"
6,0.9171175464246,0.958896942600358,0.851020662362962,"A"
10,0.948277587553694,0.974937278247554,0.904876446011491,"A"
15,0.96480750676993,0.983154686386654,0.9344797093102,"A"
20,0.973329512324461,0.987314085500812,0.950030074942462,"A"
50,0.989126173980123,0.994887822052005,0.979385099791472,"A"
