"dose_mg","mean_RO","peak_RO","trough_RO"
0,0,0,0
0.75,0.0970930684571518,0.161134249236918,0.0461600198718705
1.5,0.175027398498194,0.277997200691571,0.0881905562228824
2,0.219167948762944,0.339491881577648,0.114186041328718
3,0.293525195945793,0.435779868926157,0.161921981195059
3.88,0.347329811056568,0.500016052108978,0.199824304278739
4.5,0.380241857543506,0.537169489960422,0.224513904839915
5,0.404309460575925,0.563347792950196,0.243332073747199
5.4,0.4221778603766,0.582255516921735,0.257735884081744
6,0.446948221731032,0.607740083597568,0.278333630170776
10,0.568427236444587,0.721202785602267,0.390853857460959
15,0.66012817435362,0.795268003952096,0.490042018583105
20,0.719205466303423,0.838310850122383,0.561368592703753
50,0.861772812492971,0.928553328279428,0.761311075000678
