"parameter","estimate","lo95","hi95","source_type","source"
"ka",9.72173331332343,NA,NA,"fitted (training PK summaries)","This study: fitted to data/training/pk_summary.csv"
"fp",0.928670364293991,NA,NA,"fitted (training PK summaries)","This study: fitted to data/training/pk_summary.csv"
"CL",10.6896356417994,NA,NA,"fitted (training PK summaries)","This study: fitted to data/training/pk_summary.csv"
"V1",150.59656838901,NA,NA,"fitted (training PK summaries)","This study: fitted to data/training/pk_summary.csv"
"CLm",54.7802714259872,NA,NA,"fitted (training PK summaries)","This study: fitted to data/training/pk_summary.csv"
"Vm",921.276272219474,NA,NA,"fitted (training PK summaries)","This study: fitted to data/training/pk_summary.csv"
"Kd_NTX",0.470357356107723,NA,NA,"in vitro","geometric mean of 3 rows: Wentland 2009 (DOI 10.1016/j.bmcl.2009.02.078) [organism: human]; Cassel 2005 (DOI 10.1016/j.ejphar.2005.08.008) [organism: human]"
"Kd_BN",2.12,NA,NA,"in vitro","Pelotte 2009 (DOI 10.1016/j.bmcl.2009.03.095) [organism: human]"
"koff_NTX",21,NA,NA,"in vitro","Cassel 2005 (DOI 10.1016/j.ejphar.2005.08.008) [organism: human]"
"koff_BN",2,NA,NA,"assumed (justified)","assumed: koff = 2 per h (no curated koff row for this analyte; rapid-equilibrium assumption)"
"keq",2,NA,NA,"assumed (justified)","Fixed at 2 per hour on the basis of rapid passive blood-brain barrier permeation; not varied (no sensitivity analysis was run)"
"kd_scale",14.9453921575023,NA,NA,"PET-calibrated (stage A2)","Kd scale fitted to Rabiner 2011 PET occupancy only (all other PET data held out); NOT adopted (worse than stage A on the held-out rows; see stage_decision.csv)"
"H0 mu_p",-2.03781168522597,-2.2761424964462,-1.80238665634168,"fitted (training)","Posterior median and 95% CrI; priors in data/priors/placebo_priors.csv"
"H0 log_tau",-0.61883723832975,-2.73490014685933,0.197649297620515,"fitted (training)","Posterior median and 95% CrI; priors in data/priors/placebo_priors.csv"
"H0 log_kpbo",-2.24421827774139,-2.26034990153508,-2.22804542536328,"fitted (training)","Posterior median and 95% CrI; priors in data/priors/placebo_priors.csv"
"H0 log_kout",-2.32615260513711,-4.3220671792402,-0.377731704636645,"fitted (training)","Posterior median and 95% CrI; priors in data/priors/placebo_priors.csv"
"H0 log_sigma_rel",-3.0847299745965,-6.03171670708665,-2.13728247029194,"fitted (training)","Posterior median and 95% CrI; priors in data/priors/placebo_priors.csv"
"H0 eta_younger2013",0.6122880195884,-0.164267464746328,1.25537070654562,"fitted (training)","Posterior median and 95% CrI; priors in data/priors/placebo_priors.csv"
"H1 mu_p",-2.04573676316266,-2.27730551543631,-1.81319650038871,"fitted (training)","Posterior median and 95% CrI; priors in data/priors/placebo_priors.csv"
"H1 log_tau",-0.940509265217527,-4.62541510357492,0.0929859527449248,"fitted (training)","Posterior median and 95% CrI; priors in data/priors/placebo_priors.csv"
"H1 log_kpbo",-2.24436293689922,-2.26108808552185,-2.22784341077907,"fitted (training)","Posterior median and 95% CrI; priors in data/priors/placebo_priors.csv"
"H1 log_kout",-2.26197433445668,-4.06201091635229,-0.320264124463527,"fitted (training)","Posterior median and 95% CrI; priors in data/priors/placebo_priors.csv"
"H1 log_sigma_rel",-3.38424380443279,-6.66042777186239,-2.23341626122195,"fitted (training)","Posterior median and 95% CrI; priors in data/priors/placebo_priors.csv"
"H1 eta_younger2013",0.252497486378901,-0.339886075204768,1.06144926582687,"fitted (training)","Posterior median and 95% CrI; priors in data/priors/placebo_priors.csv"
"H1 logit_Emax",0.62906865226947,-2.54358249249964,3.98455238740939,"fitted (training)","Posterior median and 95% CrI; priors in data/priors/placebo_priors.csv"
"H1 log_kA",-2.26888294283252,-4.08851311946998,-0.358148052694173,"fitted (training)","Posterior median and 95% CrI; priors in data/priors/placebo_priors.csv"
"H1 log_gamma",-0.281170212344028,-1.036638548897,0.748593627476026,"fitted (training)","Posterior median and 95% CrI; priors in data/priors/placebo_priors.csv"
"H2 mu_p",-2.04415639322742,-2.27820775281849,-1.80804066048578,"fitted (training)","Posterior median and 95% CrI; priors in data/priors/placebo_priors.csv"
"H2 log_tau",-0.63832816476935,-2.74691634474001,0.193602247551078,"fitted (training)","Posterior median and 95% CrI; priors in data/priors/placebo_priors.csv"
"H2 log_kpbo",-2.24410839217766,-2.2605955875881,-2.22745633981986,"fitted (training)","Posterior median and 95% CrI; priors in data/priors/placebo_priors.csv"
"H2 log_kout",-2.30543205091277,-4.37727918753796,-0.325586529533257,"fitted (training)","Posterior median and 95% CrI; priors in data/priors/placebo_priors.csv"
"H2 log_sigma_rel",-3.05952398248263,-5.81260212120974,-2.09708024020023,"fitted (training)","Posterior median and 95% CrI; priors in data/priors/placebo_priors.csv"
"H2 eta_younger2013",0.595401431275595,-0.224396150950264,1.23309132568953,"fitted (training)","Posterior median and 95% CrI; priors in data/priors/placebo_priors.csv"
"H2 logit_Emax",0.0300367268123406,-3.60569863765246,3.56298892499391,"fitted (training)","Posterior median and 95% CrI; priors in data/priors/placebo_priors.csv"
"H3 mu_p",-2.05216905816303,-2.28195495293015,-1.8259148507152,"fitted (training)","Posterior median and 95% CrI; priors in data/priors/placebo_priors.csv"
"H3 log_tau",-1.039417716068,-4.25328176772346,0.070401103129989,"fitted (training)","Posterior median and 95% CrI; priors in data/priors/placebo_priors.csv"
"H3 log_kpbo",-2.24396756072716,-2.26055616807308,-2.22800788257842,"fitted (training)","Posterior median and 95% CrI; priors in data/priors/placebo_priors.csv"
"H3 log_kout",-2.34620308923581,-4.39060946477859,-0.331174506084265,"fitted (training)","Posterior median and 95% CrI; priors in data/priors/placebo_priors.csv"
"H3 log_sigma_rel",-3.38887343830803,-6.49084863855084,-2.2159941564097,"fitted (training)","Posterior median and 95% CrI; priors in data/priors/placebo_priors.csv"
"H3 eta_younger2013",0.139976768911673,-0.501625743696777,1.00921363735321,"fitted (training)","Posterior median and 95% CrI; priors in data/priors/placebo_priors.csv"
"H3 logit_Emax",-0.861936044255015,-3.21106900797153,2.75854423955386,"fitted (training)","Posterior median and 95% CrI; priors in data/priors/placebo_priors.csv"
"H3 log10_Kd_OGFr",0.33283746323073,-3.75015198913538,3.17411007690213,"fitted (training)","Posterior median and 95% CrI; priors in data/priors/placebo_priors.csv"
